magnitude,avg_magnitude,std_magnitude,peak_acceleration,duration_ms,sample_count,sta_lta_ratio,label
0.026115,0.018782,0.004051,0.026115,54900.0,550.0,1.0188,noise
0.028453,0.019957,0.003906,0.028453,54900.0,550.0,1.0176,noise
1.268553,0.089618,0.245146,1.268553,54900.0,550.0,51.7082,earthquake
0.022378,0.015022,0.004062,0.022378,54900.0,550.0,0.9969,noise
0.701147,0.057988,0.151786,0.701147,54900.0,550.0,47.7741,earthquake
1.290716,0.092898,0.241486,1.290716,54900.0,550.0,38.9788,earthquake
0.125708,0.051,0.024135,0.125708,54900.0,550.0,1.4593,unknown
1.456315,0.097746,0.278056,1.456315,54900.0,550.0,63.0404,earthquake
1.538225,0.10765,0.288607,1.538225,54900.0,550.0,43.0337,earthquake
0.166181,0.064026,0.032885,0.166181,54900.0,550.0,1.8175,unknown
0.023967,0.016025,0.004123,0.023967,54900.0,550.0,0.983,noise
1.304288,0.09147,0.246994,1.304288,54900.0,550.0,45.6397,earthquake
1.42006,0.097672,0.27585,1.42006,54900.0,550.0,56.3851,earthquake
0.026374,0.018629,0.003938,0.026374,54900.0,550.0,0.9627,noise
0.022033,0.014044,0.004023,0.022033,54900.0,550.0,1.0016,noise
1.462058,0.091673,0.268528,1.462058,54900.0,550.0,73.3426,earthquake
0.024204,0.016554,0.004072,0.024204,54900.0,550.0,1.0514,noise
0.02544,0.018066,0.003971,0.02544,54900.0,550.0,0.9795,noise
0.015534,0.007907,0.003976,0.015534,54900.0,550.0,1.1574,noise
0.153947,0.065033,0.026509,0.153947,54900.0,550.0,1.6332,unknown
0.556117,0.050975,0.120881,0.556117,54900.0,550.0,32.436,earthquake
0.773964,0.058421,0.15511,0.773964,54900.0,550.0,50.9864,earthquake
0.025351,0.017724,0.004027,0.025351,54900.0,550.0,0.9817,noise
0.15793,0.046434,0.032592,0.15793,54900.0,550.0,1.8788,unknown
1.027811,0.078692,0.211182,1.027811,54900.0,550.0,49.2108,earthquake
0.018263,0.011249,0.004027,0.018263,54900.0,550.0,0.9554,noise
1.486677,0.094357,0.25471,1.486677,54900.0,550.0,45.3813,earthquake
0.118436,0.041982,0.023776,0.118436,54900.0,550.0,2.1837,unknown
0.025879,0.018029,0.004046,0.025879,54900.0,550.0,0.9806,noise
0.153927,0.062553,0.029757,0.153927,54900.0,550.0,1.5526,unknown
0.018244,0.010548,0.004031,0.018244,54900.0,550.0,1.039,noise
0.018244,0.010287,0.003971,0.018244,54900.0,550.0,1.0091,noise
0.941933,0.076206,0.188286,0.941933,54900.0,550.0,34.6684,earthquake
0.121794,0.04177,0.025564,0.121794,54900.0,550.0,1.9626,unknown
1.368605,0.093192,0.265235,1.368605,54900.0,550.0,64.0371,earthquake
1.611411,0.101332,0.303687,1.611411,54900.0,550.0,87.064,earthquake
0.154098,0.061507,0.027511,0.154098,54900.0,550.0,1.6091,unknown
0.154412,0.058024,0.030441,0.154412,54900.0,550.0,1.5496,unknown
0.62345,0.054069,0.130799,0.62345,54900.0,550.0,34.6907,earthquake
0.712492,0.056849,0.147667,0.712492,54900.0,550.0,45.1125,earthquake
1.272565,0.088,0.253177,1.272565,54900.0,550.0,70.2851,earthquake
1.168757,0.079606,0.225482,1.168757,54900.0,550.0,62.4768,earthquake
0.020691,0.012872,0.004026,0.020691,54900.0,550.0,1.0232,noise
1.36312,0.093696,0.260903,1.36312,54900.0,550.0,55.4536,earthquake
0.020115,0.012927,0.004037,0.020115,54900.0,550.0,1.0243,noise
1.303111,0.09368,0.246388,1.303111,54900.0,550.0,41.8696,earthquake
0.180757,0.062326,0.035405,0.180757,54900.0,550.0,1.6463,unknown
0.172018,0.062323,0.034986,0.172018,54900.0,550.0,2.0289,unknown
0.168524,0.055956,0.033926,0.168524,54900.0,550.0,1.7154,unknown
0.15794,0.051172,0.030685,0.15794,54900.0,550.0,1.472,unknown
0.958047,0.073464,0.185491,0.958047,54900.0,550.0,36.9591,earthquake
0.151572,0.045935,0.032446,0.151572,54900.0,550.0,2.1524,unknown
0.172511,0.070059,0.029162,0.172511,54900.0,550.0,1.8072,unknown
0.134964,0.049805,0.025719,0.134964,54900.0,550.0,1.5106,unknown
1.281946,0.087779,0.248933,1.281946,54900.0,550.0,66.4381,earthquake
0.131049,0.050503,0.024925,0.131049,54900.0,550.0,1.875,unknown
1.745348,0.11305,0.329924,1.745348,54900.0,550.0,65.0395,earthquake
1.513344,0.098552,0.28858,1.513344,54900.0,550.0,69.9065,earthquake
0.020812,0.013593,0.004105,0.020812,54900.0,550.0,0.9061,noise
0.172209,0.050145,0.03464,0.172209,54900.0,550.0,1.7599,unknown
0.100534,0.037519,0.018017,0.100534,54900.0,550.0,1.5847,unknown
1.689306,0.099326,0.301056,1.689306,54900.0,550.0,94.4204,earthquake
1.551169,0.10083,0.299028,1.551169,54900.0,550.0,80.4562,earthquake
1.601216,0.108576,0.298293,1.601216,54900.0,550.0,49.0904,earthquake
0.019272,0.011854,0.004077,0.019272,54900.0,550.0,1.0011,noise
0.139306,0.045204,0.025403,0.139306,54900.0,550.0,2.1353,unknown
0.553682,0.055521,0.12754,0.553682,54900.0,550.0,29.0239,earthquake
1.879946,0.114744,0.335871,1.879946,54900.0,550.0,69.2791,earthquake
1.195866,0.08011,0.237798,1.195866,54900.0,550.0,92.7528,earthquake
0.165996,0.060034,0.030465,0.165996,54900.0,550.0,1.5439,unknown
0.022923,0.015243,0.003994,0.022923,54900.0,550.0,1.0041,noise
0.024371,0.016624,0.004032,0.024371,54900.0,550.0,0.9857,noise
0.026679,0.018496,0.004023,0.026679,54900.0,550.0,1.0055,noise
0.119454,0.0389,0.022504,0.119454,54900.0,550.0,2.1348,unknown
0.194284,0.066509,0.037602,0.194284,54900.0,550.0,1.7884,unknown
0.133849,0.042064,0.025627,0.133849,54900.0,550.0,1.5179,unknown
0.021031,0.013181,0.004002,0.021031,54900.0,550.0,0.9086,noise
0.179932,0.063937,0.035534,0.179932,54900.0,550.0,1.5371,unknown
0.144911,0.058597,0.028985,0.144911,54900.0,550.0,1.8236,unknown
0.148498,0.053209,0.029042,0.148498,54900.0,550.0,2.0106,unknown
1.232116,0.079555,0.235384,1.232116,54900.0,550.0,86.025,earthquake
1.576619,0.098248,0.298312,1.576619,54900.0,550.0,98.5598,earthquake
0.016162,0.008137,0.004082,0.016162,54900.0,550.0,0.9928,noise
0.933395,0.070337,0.18596,0.933395,54900.0,550.0,46.9238,earthquake
0.167576,0.050864,0.030481,0.167576,54900.0,550.0,1.7443,unknown
1.16977,0.086303,0.233657,1.16977,54900.0,550.0,49.293,earthquake
1.694055,0.114878,0.321303,1.694055,54900.0,550.0,52.7446,earthquake
0.025478,0.01793,0.00406,0.025478,54900.0,550.0,1.0093,noise
0.015649,0.008383,0.004069,0.015649,54900.0,550.0,0.9397,noise
0.027578,0.020042,0.004069,0.027578,54900.0,550.0,0.9966,noise
0.155582,0.069813,0.028449,0.155582,54900.0,550.0,1.5365,unknown
0.020783,0.013469,0.003962,0.020783,54900.0,550.0,0.9995,noise
0.016733,0.009375,0.003978,0.016733,54900.0,550.0,0.9747,noise
0.01622,0.008842,0.004019,0.01622,54900.0,550.0,0.9953,noise
1.46511,0.098683,0.276185,1.46511,54900.0,550.0,55.8031,earthquake
0.212111,0.071208,0.037004,0.212111,54900.0,550.0,1.4755,unknown
0.135079,0.046757,0.026017,0.135079,54900.0,550.0,1.6062,unknown
0.577072,0.054915,0.127291,0.577072,54900.0,550.0,29.5202,earthquake
0.021125,0.01366,0.004029,0.021125,54900.0,550.0,0.9741,noise
1.35043,0.089476,0.253402,1.35043,54900.0,550.0,62.6687,earthquake
0.197905,0.065044,0.03595,0.197905,54900.0,550.0,1.3139,unknown
0.019554,0.012413,0.003793,0.019554,54900.0,550.0,0.9768,noise
0.016025,0.008674,0.00395,0.016025,54900.0,550.0,1.0011,noise
0.136168,0.045889,0.024921,0.136168,54900.0,550.0,1.6931,unknown
0.021209,0.013336,0.004028,0.021209,54900.0,550.0,0.9831,noise
0.185699,0.073459,0.0364,0.185699,54900.0,550.0,1.7453,unknown
0.025986,0.018309,0.004093,0.025986,54900.0,550.0,0.977,noise
1.454149,0.097258,0.277019,1.454149,54900.0,550.0,64.5095,earthquake
0.125325,0.046577,0.02457,0.125325,54900.0,550.0,2.0105,unknown
0.019461,0.011846,0.00396,0.019461,54900.0,550.0,1.0008,noise
0.140815,0.048678,0.028304,0.140815,54900.0,550.0,1.8815,unknown
0.171803,0.067077,0.031987,0.171803,54900.0,550.0,1.3505,unknown
1.537349,0.104965,0.282659,1.537349,54900.0,550.0,44.4,earthquake
0.02279,0.014977,0.004108,0.02279,54900.0,550.0,1.0662,noise
0.130132,0.048229,0.026945,0.130132,54900.0,550.0,1.652,unknown
0.026333,0.018871,0.003972,0.026333,54900.0,550.0,0.956,noise
0.02006,0.012629,0.004154,0.02006,54900.0,550.0,1.0744,noise
0.139888,0.042372,0.025373,0.139888,54900.0,550.0,2.5081,unknown
0.730544,0.06551,0.157296,0.730544,54900.0,550.0,32.7729,earthquake
0.019167,0.011051,0.004008,0.019167,54900.0,550.0,0.9179,noise
1.06937,0.07426,0.200972,1.06937,54900.0,550.0,49.4967,earthquake
0.137313,0.048783,0.027417,0.137313,54900.0,550.0,1.7598,unknown
0.023774,0.016142,0.004075,0.023774,54900.0,550.0,0.992,noise
0.626457,0.059287,0.143845,0.626457,54900.0,550.0,35.0063,earthquake
1.336623,0.086485,0.256415,1.336623,54900.0,550.0,87.4075,earthquake
1.465245,0.093168,0.272192,1.465245,54900.0,550.0,74.0163,earthquake
0.181884,0.071215,0.034857,0.181884,54900.0,550.0,1.4478,unknown
0.026042,0.018448,0.003961,0.026042,54900.0,550.0,1.0011,noise
1.84342,0.116258,0.327645,1.84342,54900.0,550.0,53.04,earthquake
0.82206,0.067316,0.160538,0.82206,54900.0,550.0,31.2095,earthquake
0.607747,0.052316,0.134103,0.607747,54900.0,550.0,44.4909,earthquake
1.828011,0.106365,0.33063,1.828011,54900.0,550.0,112.4025,earthquake
0.021725,0.013792,0.004225,0.021725,54900.0,550.0,0.9952,noise
0.024139,0.016645,0.003919,0.024139,54900.0,550.0,1.0239,noise
0.023482,0.015391,0.004086,0.023482,54900.0,550.0,1.0232,noise
0.172506,0.053762,0.034376,0.172506,54900.0,550.0,1.6637,unknown
0.881063,0.064975,0.181919,0.881063,54900.0,550.0,66.2082,earthquake
0.145341,0.04821,0.028307,0.145341,54900.0,550.0,2.3015,unknown
0.174908,0.066034,0.036968,0.174908,54900.0,550.0,1.921,unknown
0.018806,0.011273,0.004121,0.018806,54900.0,550.0,0.973,noise
1.267665,0.083485,0.23737,1.267665,54900.0,550.0,63.5286,earthquake
0.171507,0.052455,0.03521,0.171507,54900.0,550.0,1.8131,unknown
0.16927,0.064721,0.031487,0.16927,54900.0,550.0,1.4498,unknown
0.16083,0.052866,0.030627,0.16083,54900.0,550.0,1.5427,unknown
0.164157,0.068328,0.034754,0.164157,54900.0,550.0,1.5259,unknown
0.183146,0.073167,0.034567,0.183146,54900.0,550.0,1.571,unknown
0.177493,0.054249,0.036033,0.177493,54900.0,550.0,2.1796,unknown
0.169791,0.069486,0.028611,0.169791,54900.0,550.0,1.4857,unknown
0.147114,0.062901,0.02383,0.147114,54900.0,550.0,1.7089,unknown
0.153379,0.066368,0.028808,0.153379,54900.0,550.0,1.3015,unknown
1.183224,0.079668,0.21365,1.183224,54900.0,550.0,47.3768,earthquake
0.016122,0.008617,0.004077,0.016122,54900.0,550.0,0.9502,noise
1.471809,0.093229,0.279892,1.471809,54900.0,550.0,94.3252,earthquake
1.260762,0.096622,0.256619,1.260762,54900.0,550.0,44.1188,earthquake
0.161146,0.064393,0.030405,0.161146,54900.0,550.0,1.8752,unknown
0.180168,0.054795,0.03479,0.180168,54900.0,550.0,1.3713,unknown
0.022667,0.014535,0.003994,0.022667,54900.0,550.0,1.027,noise
1.497983,0.100443,0.277664,1.497983,54900.0,550.0,51.3064,earthquake
0.023576,0.015998,0.004215,0.023576,54900.0,550.0,0.902,noise
0.747464,0.066825,0.157407,0.747464,54900.0,550.0,30.6671,earthquake
1.497105,0.093999,0.273674,1.497105,54900.0,550.0,73.0598,earthquake
0.765733,0.062577,0.154393,0.765733,54900.0,550.0,36.1179,earthquake
0.02256,0.014972,0.00418,0.02256,54900.0,550.0,0.9642,noise
1.512203,0.092968,0.276233,1.512203,54900.0,550.0,82.9419,earthquake
0.028186,0.020078,0.004079,0.028186,54900.0,550.0,1.0378,noise
0.026878,0.019157,0.003932,0.026878,54900.0,550.0,1.0112,noise
0.018806,0.011226,0.003917,0.018806,54900.0,550.0,0.9676,noise
0.986578,0.0791,0.194595,0.986578,54900.0,550.0,33.2129,earthquake
0.690061,0.058694,0.146429,0.690061,54900.0,550.0,38.3107,earthquake
0.026149,0.018192,0.004205,0.026149,54900.0,550.0,1.0002,noise
1.057652,0.079025,0.195421,1.057652,54900.0,550.0,33.7091,earthquake
0.605911,0.056047,0.128276,0.605911,54900.0,550.0,28.6632,earthquake
0.023033,0.015575,0.004031,0.023033,54900.0,550.0,1.0211,noise
1.129758,0.078713,0.220801,1.129758,54900.0,550.0,61.0921,earthquake
0.166273,0.050143,0.03348,0.166273,54900.0,550.0,1.7841,unknown
0.162405,0.055441,0.031226,0.162405,54900.0,550.0,1.9975,unknown
0.132796,0.048078,0.025355,0.132796,54900.0,550.0,1.9952,unknown
0.017868,0.010598,0.003985,0.017868,54900.0,550.0,1.0395,noise
0.021125,0.014112,0.004048,0.021125,54900.0,550.0,0.9435,noise
1.387194,0.102331,0.272906,1.387194,54900.0,550.0,43.6084,earthquake
1.208612,0.082779,0.223683,1.208612,54900.0,550.0,48.8694,earthquake
0.132329,0.060251,0.023335,0.132329,54900.0,550.0,1.4601,unknown
0.021482,0.013639,0.004177,0.021482,54900.0,550.0,0.9415,noise
0.186208,0.063853,0.037259,0.186208,54900.0,550.0,1.9926,unknown
0.015471,0.008045,0.004086,0.015471,54900.0,550.0,1.0447,noise
0.024234,0.016673,0.004119,0.024234,54900.0,550.0,1.0164,noise
0.016809,0.008949,0.00412,0.016809,54900.0,550.0,1.1338,noise
0.187771,0.076038,0.038636,0.187771,54900.0,550.0,1.6261,unknown
0.855862,0.069858,0.17434,0.855862,54900.0,550.0,36.5437,earthquake
0.022809,0.015337,0.003927,0.022809,54900.0,550.0,1.0109,noise
1.556186,0.103786,0.290831,1.556186,54900.0,550.0,56.3918,earthquake
0.026082,0.018272,0.004129,0.026082,54900.0,550.0,1.0616,noise
0.150037,0.047135,0.029947,0.150037,54900.0,550.0,1.6493,unknown
0.139888,0.046022,0.028527,0.139888,54900.0,550.0,2.3493,unknown
0.148588,0.061295,0.028777,0.148588,54900.0,550.0,1.8859,unknown
0.01775,0.009597,0.004011,0.01775,54900.0,550.0,0.9974,noise
0.141233,0.054544,0.024832,0.141233,54900.0,550.0,1.7493,unknown
0.205644,0.078777,0.042283,0.205644,54900.0,550.0,1.8631,unknown
0.018802,0.011313,0.004075,0.018802,54900.0,550.0,0.9344,noise
0.025617,0.017276,0.003974,0.025617,54900.0,550.0,1.086,noise
0.750091,0.067576,0.153326,0.750091,54900.0,550.0,26.7876,earthquake
0.188922,0.052092,0.034119,0.188922,54900.0,550.0,1.72,unknown
0.173245,0.061444,0.03634,0.173245,54900.0,550.0,1.7917,unknown
1.339359,0.083331,0.249932,1.339359,54900.0,550.0,92.7912,earthquake
0.022734,0.015178,0.0041,0.022734,54900.0,550.0,0.99,noise
0.019602,0.011703,0.004179,0.019602,54900.0,550.0,1.0063,noise
0.022508,0.014566,0.004081,0.022508,54900.0,550.0,0.9929,noise
0.184752,0.051444,0.032506,0.184752,54900.0,550.0,1.3318,unknown
0.15697,0.046688,0.02892,0.15697,54900.0,550.0,2.3404,unknown
1.633125,0.104913,0.309993,1.633125,54900.0,550.0,78.5955,earthquake
0.154537,0.05609,0.032527,0.154537,54900.0,550.0,2.1128,unknown
0.015632,0.008223,0.003923,0.015632,54900.0,550.0,0.9475,noise
1.421169,0.102093,0.274408,1.421169,54900.0,550.0,43.4407,earthquake
0.018142,0.010242,0.004089,0.018142,54900.0,550.0,1.062,noise
0.02424,0.016482,0.004006,0.02424,54900.0,550.0,1.0869,noise
0.018047,0.010368,0.004054,0.018047,54900.0,550.0,0.9399,noise
0.021053,0.012644,0.003895,0.021053,54900.0,550.0,1.0067,noise
0.169743,0.063082,0.029429,0.169743,54900.0,550.0,2.1246,unknown
0.118344,0.048925,0.021264,0.118344,54900.0,550.0,1.6648,unknown
1.07586,0.082338,0.201668,1.07586,54900.0,550.0,32.6227,earthquake
0.020946,0.013321,0.004116,0.020946,54900.0,550.0,0.967,noise
0.027013,0.018429,0.003999,0.027013,54900.0,550.0,1.0735,noise
0.772126,0.065947,0.160151,0.772126,54900.0,550.0,33.1283,earthquake
1.678354,0.106405,0.309706,1.678354,54900.0,550.0,66.104,earthquake
0.873098,0.072212,0.187344,0.873098,54900.0,550.0,43.2039,earthquake
0.159225,0.062834,0.03181,0.159225,54900.0,550.0,1.9669,unknown
0.139618,0.046367,0.029898,0.139618,54900.0,550.0,1.9316,unknown
0.182459,0.063808,0.030816,0.182459,54900.0,550.0,2.0774,unknown
0.023489,0.015956,0.004016,0.023489,54900.0,550.0,1.0018,noise
0.928092,0.078213,0.18502,0.928092,54900.0,550.0,29.615,earthquake
0.165408,0.065391,0.032157,0.165408,54900.0,550.0,1.6558,unknown
1.245006,0.090178,0.237942,1.245006,54900.0,550.0,43.3984,earthquake
0.171562,0.068434,0.034177,0.171562,54900.0,550.0,1.6625,unknown
0.138869,0.051391,0.02427,0.138869,54900.0,550.0,2.0123,unknown
0.149084,0.057398,0.029639,0.149084,54900.0,550.0,1.6885,unknown
1.314025,0.085845,0.249026,1.314025,54900.0,550.0,71.6764,earthquake
0.147685,0.046953,0.028499,0.147685,54900.0,550.0,2.1824,unknown
0.137661,0.044982,0.026967,0.137661,54900.0,550.0,1.8996,unknown
1.646316,0.106872,0.289962,1.646316,54900.0,550.0,46.3445,earthquake
0.174945,0.064815,0.033902,0.174945,54900.0,550.0,1.1799,unknown
0.150989,0.05753,0.028642,0.150989,54900.0,550.0,2.0658,unknown
0.152571,0.044564,0.027746,0.152571,54900.0,550.0,1.3406,unknown
1.738269,0.11672,0.329943,1.738269,54900.0,550.0,53.0993,earthquake
0.018078,0.010358,0.004169,0.018078,54900.0,550.0,1.004,noise
0.022418,0.014986,0.00409,0.022418,54900.0,550.0,1.0386,noise
0.01968,0.011459,0.004099,0.01968,54900.0,550.0,1.0361,noise
1.179027,0.077841,0.230976,1.179027,54900.0,550.0,89.1862,earthquake
1.586662,0.106621,0.30046,1.586662,54900.0,550.0,56.6902,earthquake
1.415453,0.091834,0.256082,1.415453,54900.0,550.0,54.0673,earthquake
0.991127,0.075612,0.193875,0.991127,54900.0,550.0,39.3007,earthquake
0.02035,0.012951,0.004098,0.02035,54900.0,550.0,0.9558,noise
0.190465,0.065626,0.037892,0.190465,54900.0,550.0,1.9153,unknown
0.169665,0.048093,0.03146,0.169665,54900.0,550.0,1.3297,unknown
0.140785,0.059028,0.025948,0.140785,54900.0,550.0,1.8218,unknown
0.195538,0.057029,0.034281,0.195538,54900.0,550.0,1.2165,unknown
0.015705,0.008133,0.004129,0.015705,54900.0,550.0,0.8739,noise
0.180728,0.066976,0.038923,0.180728,54900.0,550.0,1.8317,unknown
1.291069,0.091073,0.249409,1.291069,54900.0,550.0,50.9269,earthquake
0.026315,0.017966,0.004189,0.026315,54900.0,550.0,0.9711,noise
1.539636,0.096245,0.284448,1.539636,54900.0,550.0,80.4649,earthquake
0.025853,0.017231,0.004053,0.025853,54900.0,550.0,0.9784,noise
0.154348,0.05046,0.029938,0.154348,54900.0,550.0,2.1806,unknown
1.300164,0.095449,0.249432,1.300164,54900.0,550.0,41.4908,earthquake
0.165297,0.062012,0.032146,0.165297,54900.0,550.0,1.6736,unknown
0.158185,0.049784,0.032208,0.158185,54900.0,550.0,1.7842,unknown
0.022674,0.01474,0.004067,0.022674,54900.0,550.0,1.0216,noise
0.175723,0.07066,0.035712,0.175723,54900.0,550.0,1.4008,unknown
1.029999,0.074861,0.203518,1.029999,54900.0,550.0,53.131,earthquake
1.224362,0.089495,0.23155,1.224362,54900.0,550.0,39.9042,earthquake
0.023,0.015362,0.004074,0.023,54900.0,550.0,0.9533,noise
0.022578,0.014864,0.004018,0.022578,54900.0,550.0,0.9681,noise
0.197563,0.07299,0.040073,0.197563,54900.0,550.0,1.315,unknown
0.170215,0.071159,0.03357,0.170215,54900.0,550.0,1.6302,unknown
1.748595,0.111803,0.334439,1.748595,54900.0,550.0,82.2294,earthquake
0.015998,0.009016,0.004062,0.015998,54900.0,550.0,1.0238,noise
0.017307,0.009901,0.003985,0.017307,54900.0,550.0,0.9455,noise
1.506026,0.101973,0.285556,1.506026,54900.0,550.0,56.1289,earthquake
0.024269,0.016297,0.004061,0.024269,54900.0,550.0,0.8947,noise
0.149173,0.047761,0.02811,0.149173,54900.0,550.0,2.4211,unknown
0.026997,0.019404,0.00416,0.026997,54900.0,550.0,1.0067,noise
0.020677,0.01332,0.004063,0.020677,54900.0,550.0,0.9829,noise
0.020852,0.013471,0.004082,0.020852,54900.0,550.0,1.0867,noise
0.19328,0.075194,0.039895,0.19328,54900.0,550.0,1.7528,unknown
0.166085,0.04532,0.031945,0.166085,54900.0,550.0,1.5976,unknown
0.186859,0.061954,0.036813,0.186859,54900.0,550.0,1.6369,unknown
0.020227,0.012537,0.00416,0.020227,54900.0,550.0,1.0793,noise
1.026977,0.082701,0.205359,1.026977,54900.0,550.0,33.8567,earthquake
0.164512,0.055602,0.033368,0.164512,54900.0,550.0,1.8655,unknown
1.52551,0.105276,0.284349,1.52551,54900.0,550.0,44.0206,earthquake
0.147885,0.04357,0.027356,0.147885,54900.0,550.0,1.9208,unknown
1.238954,0.079553,0.232218,1.238954,54900.0,550.0,77.9776,earthquake
0.016087,0.008973,0.00395,0.016087,54900.0,550.0,0.9559,noise
1.247861,0.090301,0.244543,1.247861,54900.0,550.0,47.6375,earthquake
1.363358,0.096692,0.251232,1.363358,54900.0,550.0,38.8731,earthquake
0.123272,0.046516,0.025586,0.123272,54900.0,550.0,2.0604,unknown
0.206013,0.072988,0.035752,0.206013,54900.0,550.0,1.4105,unknown
0.799923,0.063859,0.164966,0.799923,54900.0,550.0,44.4743,earthquake
1.651252,0.113193,0.317176,1.651252,54900.0,550.0,55.2106,earthquake
0.175226,0.052714,0.034216,0.175226,54900.0,550.0,2.0485,unknown
0.54201,0.05358,0.116591,0.54201,54900.0,550.0,24.4806,earthquake
0.132299,0.040488,0.025426,0.132299,54900.0,550.0,1.5035,unknown
0.141201,0.058583,0.027678,0.141201,54900.0,550.0,1.9728,unknown
0.14326,0.04804,0.026154,0.14326,54900.0,550.0,1.5009,unknown
1.620634,0.105443,0.30294,1.620634,54900.0,550.0,63.7878,earthquake
0.217158,0.078277,0.04201,0.217158,54900.0,550.0,1.7465,unknown
0.159885,0.055842,0.032587,0.159885,54900.0,550.0,1.5901,unknown
0.019039,0.011882,0.004036,0.019039,54900.0,550.0,0.9643,noise
1.485468,0.096581,0.290273,1.485468,54900.0,550.0,96.6328,earthquake
0.021897,0.014143,0.003997,0.021897,54900.0,550.0,1.0232,noise
0.198768,0.075207,0.038706,0.198768,54900.0,550.0,1.2757,unknown
0.128856,0.044757,0.023395,0.128856,54900.0,550.0,2.0078,unknown
0.022415,0.014928,0.004098,0.022415,54900.0,550.0,1.0193,noise
0.615575,0.063228,0.135277,0.615575,54900.0,550.0,22.7522,earthquake
1.707692,0.1068,0.299875,1.707692,54900.0,550.0,54.7414,earthquake
0.020103,0.012471,0.004121,0.020103,54900.0,550.0,0.9911,noise
0.171236,0.062819,0.032628,0.171236,54900.0,550.0,1.5714,unknown
1.501978,0.094755,0.284975,1.501978,54900.0,550.0,89.3474,earthquake
1.732757,0.108154,0.318553,1.732757,54900.0,550.0,75.9894,earthquake
0.185581,0.068192,0.035769,0.185581,54900.0,550.0,1.4774,unknown
0.149354,0.054312,0.028468,0.149354,54900.0,550.0,1.7927,unknown
0.022451,0.014762,0.004151,0.022451,54900.0,550.0,0.9882,noise
0.20082,0.077791,0.04154,0.20082,54900.0,550.0,1.8794,unknown
0.152155,0.061106,0.029192,0.152155,54900.0,550.0,1.6624,unknown
1.28475,0.088842,0.244255,1.28475,54900.0,550.0,51.1325,earthquake
0.021574,0.013793,0.004071,0.021574,54900.0,550.0,0.9476,noise
0.158548,0.063814,0.027409,0.158548,54900.0,550.0,1.5798,unknown
0.022875,0.015226,0.004157,0.022875,54900.0,550.0,1.0081,noise
0.015996,0.008497,0.004041,0.015996,54900.0,550.0,1.0282,noise
0.742569,0.06204,0.156,0.742569,54900.0,550.0,39.2051,earthquake
0.188459,0.059559,0.033678,0.188459,54900.0,550.0,1.4404,unknown
0.027439,0.019639,0.004124,0.027439,54900.0,550.0,0.9928,noise
0.148963,0.0599,0.02831,0.148963,54900.0,550.0,1.9235,unknown
0.020657,0.013476,0.004156,0.020657,54900.0,550.0,0.9972,noise
1.691211,0.113875,0.313269,1.691211,54900.0,550.0,49.114,earthquake
1.801958,0.113288,0.335364,1.801958,54900.0,550.0,73.1724,earthquake
1.178384,0.084834,0.231085,1.178384,54900.0,550.0,49.028,earthquake
0.587424,0.05934,0.126903,0.587424,54900.0,550.0,23.1697,earthquake
0.949805,0.068441,0.182302,0.949805,54900.0,550.0,49.7874,earthquake
0.025273,0.017848,0.004033,0.025273,54900.0,550.0,0.9729,noise
0.017562,0.01075,0.004056,0.017562,54900.0,550.0,1.0646,noise
0.019624,0.012145,0.003922,0.019624,54900.0,550.0,1.0429,noise
0.027125,0.019444,0.004021,0.027125,54900.0,550.0,1.0187,noise
0.813599,0.071587,0.167509,0.813599,54900.0,550.0,29.3659,earthquake
1.101409,0.086575,0.220048,1.101409,54900.0,550.0,36.834,earthquake
0.019089,0.010964,0.003988,0.019089,54900.0,550.0,1.1029,noise
0.019083,0.011813,0.003931,0.019083,54900.0,550.0,1.0154,noise
1.392187,0.089922,0.263814,1.392187,54900.0,550.0,79.1332,earthquake
0.157042,0.065097,0.03022,0.157042,54900.0,550.0,1.5281,unknown
0.018387,0.010515,0.004101,0.018387,54900.0,550.0,0.9201,noise
1.864317,0.109676,0.320407,1.864317,54900.0,550.0,69.8971,earthquake
0.155298,0.054006,0.029234,0.155298,54900.0,550.0,1.3629,unknown
0.184587,0.066427,0.034746,0.184587,54900.0,550.0,1.5274,unknown
1.82856,0.10141,0.317086,1.82856,54900.0,550.0,119.5225,earthquake
1.328213,0.078814,0.238343,1.328213,54900.0,550.0,100.6119,earthquake
1.593189,0.108362,0.302903,1.593189,54900.0,550.0,52.4803,earthquake
1.614184,0.103284,0.308729,1.614184,54900.0,550.0,84.779,earthquake
0.187191,0.06212,0.032729,0.187191,54900.0,550.0,1.3571,unknown
0.026166,0.018435,0.004003,0.026166,54900.0,550.0,0.946,noise
1.522375,0.100617,0.278641,1.522375,54900.0,550.0,49.7632,earthquake
0.017555,0.010046,0.004075,0.017555,54900.0,550.0,0.9313,noise
1.488783,0.095666,0.284464,1.488783,54900.0,550.0,83.1483,earthquake
0.154877,0.063878,0.030253,0.154877,54900.0,550.0,1.5646,unknown
0.021258,0.013366,0.004151,0.021258,54900.0,550.0,0.8632,noise
0.12008,0.043128,0.024257,0.12008,54900.0,550.0,1.9116,unknown
0.98998,0.072363,0.180435,0.98998,54900.0,550.0,35.7229,earthquake
1.601307,0.109945,0.306544,1.601307,54900.0,550.0,53.5889,earthquake
0.194422,0.056655,0.036983,0.194422,54900.0,550.0,1.7316,unknown
0.023182,0.015333,0.004175,0.023182,54900.0,550.0,1.0078,noise
1.394498,0.086011,0.260883,1.394498,54900.0,550.0,103.6391,earthquake
0.184037,0.058146,0.035585,0.184037,54900.0,550.0,1.2452,unknown
0.021395,0.013706,0.003903,0.021395,54900.0,550.0,1.0421,noise
0.020738,0.013064,0.004156,0.020738,54900.0,550.0,1.0059,noise
1.684284,0.105694,0.31726,1.684284,54900.0,550.0,80.3706,earthquake
0.150873,0.051593,0.031233,0.150873,54900.0,550.0,1.7057,unknown
1.471828,0.088623,0.268846,1.471828,54900.0,550.0,102.4966,earthquake
0.169281,0.057197,0.036251,0.169281,54900.0,550.0,2.1657,unknown
1.068303,0.07307,0.209772,1.068303,54900.0,550.0,72.6869,earthquake
0.162706,0.062375,0.031463,0.162706,54900.0,550.0,1.8291,unknown
1.108858,0.08537,0.214465,1.108858,54900.0,550.0,35.2845,earthquake
0.015864,0.008608,0.004033,0.015864,54900.0,550.0,0.9564,noise
1.31648,0.086406,0.253003,1.31648,54900.0,550.0,80.4516,earthquake
0.018192,0.010918,0.003936,0.018192,54900.0,550.0,1.0861,noise
1.517887,0.098746,0.287245,1.517887,54900.0,550.0,67.9056,earthquake
0.666811,0.056797,0.145031,0.666811,54900.0,550.0,43.741,earthquake
0.017675,0.010178,0.004115,0.017675,54900.0,550.0,1.1,noise
0.619381,0.051401,0.138053,0.619381,54900.0,550.0,57.1683,earthquake
0.015923,0.008526,0.004101,0.015923,54900.0,550.0,1.0819,noise
0.022506,0.015098,0.004018,0.022506,54900.0,550.0,0.9991,noise
0.725511,0.056767,0.14823,0.725511,54900.0,550.0,46.7539,earthquake
1.327117,0.090163,0.246636,1.327117,54900.0,550.0,50.8521,earthquake
0.161915,0.053117,0.031593,0.161915,54900.0,550.0,1.8451,unknown
0.137981,0.066635,0.023512,0.137981,54900.0,550.0,1.4438,unknown
0.729597,0.068444,0.149929,0.729597,54900.0,550.0,23.818,earthquake
0.019885,0.012293,0.004071,0.019885,54900.0,550.0,0.9612,noise
0.167813,0.068346,0.029958,0.167813,54900.0,550.0,1.8184,unknown
0.018329,0.010802,0.003903,0.018329,54900.0,550.0,1.0464,noise
1.391364,0.087392,0.25323,1.391364,54900.0,550.0,69.0915,earthquake
0.570743,0.058506,0.130582,0.570743,54900.0,550.0,26.2261,earthquake
0.015775,0.008058,0.004096,0.015775,54900.0,550.0,1.1165,noise
0.150504,0.050903,0.027262,0.150504,54900.0,550.0,1.608,unknown
0.115455,0.047684,0.0222,0.115455,54900.0,550.0,1.5092,unknown
0.135814,0.061638,0.024091,0.135814,54900.0,550.0,1.5309,unknown
0.151509,0.049077,0.029233,0.151509,54900.0,550.0,2.1615,unknown
0.019429,0.011552,0.003982,0.019429,54900.0,550.0,0.9706,noise
0.01571,0.008673,0.00411,0.01571,54900.0,550.0,0.9635,noise
0.024841,0.017155,0.003939,0.024841,54900.0,550.0,1.0184,noise
0.694547,0.059222,0.154659,0.694547,54900.0,550.0,47.114,earthquake
0.161906,0.05653,0.028744,0.161906,54900.0,550.0,1.6824,unknown
0.020608,0.013503,0.00396,0.020608,54900.0,550.0,1.0043,noise
0.023782,0.016145,0.003951,0.023782,54900.0,550.0,0.9869,noise
0.017014,0.009851,0.004041,0.017014,54900.0,550.0,1.0323,noise
0.027606,0.018938,0.004086,0.027606,54900.0,550.0,1.0091,noise
0.191798,0.058656,0.033292,0.191798,54900.0,550.0,1.544,unknown
0.028163,0.018757,0.004145,0.028163,54900.0,550.0,0.9667,noise
1.842207,0.115974,0.336965,1.842207,54900.0,550.0,66.8341,earthquake
0.189852,0.070588,0.037582,0.189852,54900.0,550.0,1.4216,unknown
0.650503,0.064791,0.140064,0.650503,54900.0,550.0,23.4118,earthquake
0.140551,0.04823,0.026658,0.140551,54900.0,550.0,1.4554,unknown
0.019529,0.011962,0.004076,0.019529,54900.0,550.0,1.0693,noise
0.015605,0.00876,0.00388,0.015605,54900.0,550.0,0.9817,noise
1.157947,0.074063,0.216101,1.157947,54900.0,550.0,81.8163,earthquake
0.123393,0.046536,0.022712,0.123393,54900.0,550.0,1.4083,unknown
0.180018,0.059404,0.03151,0.180018,54900.0,550.0,1.8802,unknown
1.245538,0.091388,0.238284,1.245538,54900.0,550.0,40.0492,earthquake
0.019095,0.01191,0.00403,0.019095,54900.0,550.0,0.923,noise
0.160266,0.056102,0.031825,0.160266,54900.0,550.0,1.5619,unknown
0.02354,0.015876,0.00421,0.02354,54900.0,550.0,1.0284,noise
0.968634,0.075823,0.192349,0.968634,54900.0,550.0,38.2141,earthquake
0.019801,0.01215,0.004187,0.019801,54900.0,550.0,1.0124,noise
0.173877,0.065304,0.029623,0.173877,54900.0,550.0,1.481,unknown
0.174553,0.048147,0.031818,0.174553,54900.0,550.0,1.4283,unknown
0.022141,0.014076,0.004085,0.022141,54900.0,550.0,0.9615,noise
0.137539,0.044536,0.025067,0.137539,54900.0,550.0,1.9318,unknown
0.017298,0.010275,0.003988,0.017298,54900.0,550.0,1.0619,noise
1.63634,0.110863,0.302275,1.63634,54900.0,550.0,47.1452,earthquake
1.712088,0.103021,0.313483,1.712088,54900.0,550.0,92.4227,earthquake
0.172163,0.073107,0.034709,0.172163,54900.0,550.0,1.4969,unknown
0.017896,0.009845,0.004074,0.017896,54900.0,550.0,1.057,noise
0.168888,0.063198,0.029244,0.168888,54900.0,550.0,1.3811,unknown
0.156346,0.057375,0.030623,0.156346,54900.0,550.0,2.0854,unknown
0.142311,0.046694,0.03039,0.142311,54900.0,550.0,2.3066,unknown
1.129258,0.081308,0.217132,1.129258,54900.0,550.0,45.6112,earthquake
0.170969,0.054576,0.032453,0.170969,54900.0,550.0,1.2677,unknown
1.19846,0.08317,0.230757,1.19846,54900.0,550.0,56.6329,earthquake
0.026916,0.018827,0.004003,0.026916,54900.0,550.0,0.9936,noise
0.017603,0.010274,0.004074,0.017603,54900.0,550.0,1.0559,noise
0.172164,0.063907,0.032519,0.172164,54900.0,550.0,1.5788,unknown
0.026123,0.018708,0.004098,0.026123,54900.0,550.0,0.9762,noise
0.026581,0.019399,0.004039,0.026581,54900.0,550.0,1.0317,noise
0.027259,0.01922,0.003836,0.027259,54900.0,550.0,0.9899,noise
0.01954,0.012357,0.004123,0.01954,54900.0,550.0,1.0197,noise
0.027646,0.019788,0.00399,0.027646,54900.0,550.0,0.9793,noise
0.169307,0.0527,0.033238,0.169307,54900.0,550.0,2.1146,unknown
0.6324,0.061516,0.13147,0.6324,54900.0,550.0,22.6514,earthquake
0.023598,0.015776,0.003967,0.023598,54900.0,550.0,0.9718,noise
0.024748,0.016469,0.004234,0.024748,54900.0,550.0,1.0598,noise
0.0228,0.015332,0.003964,0.0228,54900.0,550.0,0.9945,noise
1.773426,0.108301,0.33754,1.773426,54900.0,550.0,127.1648,earthquake
0.636447,0.063419,0.13322,0.636447,54900.0,550.0,21.8598,earthquake
1.111206,0.085302,0.214263,1.111206,54900.0,550.0,35.3324,earthquake
0.927483,0.068209,0.187686,0.927483,54900.0,550.0,59.9544,earthquake
1.272937,0.084097,0.244987,1.272937,54900.0,550.0,76.0831,earthquake
0.022407,0.014556,0.004073,0.022407,54900.0,550.0,1.0889,noise
0.026697,0.018436,0.004015,0.026697,54900.0,550.0,0.9905,noise
0.020592,0.013532,0.003913,0.020592,54900.0,550.0,1.0667,noise
0.02076,0.012787,0.004008,0.02076,54900.0,550.0,1.0291,noise
0.769754,0.064325,0.161131,0.769754,54900.0,550.0,37.8373,earthquake
0.016659,0.008983,0.004057,0.016659,54900.0,550.0,1.0477,noise
0.803677,0.067715,0.16882,0.803677,54900.0,550.0,36.4871,earthquake
0.129197,0.060539,0.022227,0.129197,54900.0,550.0,1.5599,unknown
1.298317,0.093689,0.245967,1.298317,54900.0,550.0,41.0127,earthquake
0.022447,0.015,0.004091,0.022447,54900.0,550.0,1.1008,noise
0.601505,0.058112,0.135907,0.601505,54900.0,550.0,30.3897,earthquake
0.018482,0.010856,0.004,0.018482,54900.0,550.0,1.0296,noise
0.153816,0.055463,0.028181,0.153816,54900.0,550.0,2.2217,unknown
1.630546,0.112952,0.31301,1.630546,54900.0,550.0,50.8269,earthquake
0.886854,0.070797,0.170857,0.886854,54900.0,550.0,31.8492,earthquake
0.863279,0.07338,0.180525,0.863279,54900.0,550.0,34.22,earthquake
0.018549,0.010661,0.003967,0.018549,54900.0,550.0,1.0006,noise
0.133901,0.057847,0.023645,0.133901,54900.0,550.0,1.7546,unknown
0.017053,0.009265,0.004085,0.017053,54900.0,550.0,0.9878,noise
0.915229,0.069954,0.188408,0.915229,54900.0,550.0,51.8049,earthquake
0.027823,0.019956,0.004047,0.027823,54900.0,550.0,1.0717,noise
0.723638,0.067818,0.148945,0.723638,54900.0,550.0,24.1465,earthquake
0.170313,0.07056,0.036164,0.170313,54900.0,550.0,1.8282,unknown
1.09579,0.076534,0.220866,1.09579,54900.0,550.0,77.05,earthquake
0.021323,0.013669,0.003987,0.021323,54900.0,550.0,1.0305,noise
0.800901,0.065838,0.158296,0.800901,54900.0,550.0,32.7002,earthquake
0.025769,0.017822,0.003976,0.025769,54900.0,550.0,1.0464,noise
0.01803,0.01035,0.004129,0.01803,54900.0,550.0,0.9435,noise
0.178573,0.066441,0.036499,0.178573,54900.0,550.0,1.6605,unknown
0.135435,0.048936,0.026873,0.135435,54900.0,550.0,2.0088,unknown
1.857314,0.108419,0.338091,1.857314,54900.0,550.0,119.564,earthquake
0.691359,0.065642,0.141458,0.691359,54900.0,550.0,23.1387,earthquake
0.018058,0.010508,0.004031,0.018058,54900.0,550.0,1.111,noise
0.740647,0.060137,0.153092,0.740647,54900.0,550.0,41.816,earthquake
1.726563,0.104793,0.319301,1.726563,54900.0,550.0,92.3905,earthquake
0.149797,0.06223,0.031029,0.149797,54900.0,550.0,1.5121,unknown
0.153549,0.053291,0.031336,0.153549,54900.0,550.0,1.8897,unknown
0.175892,0.061234,0.032544,0.175892,54900.0,550.0,2.0445,unknown
1.525793,0.100635,0.28635,1.525793,54900.0,550.0,58.7048,earthquake
0.146986,0.045541,0.030673,0.146986,54900.0,550.0,1.8773,unknown
0.158742,0.046253,0.028302,0.158742,54900.0,550.0,2.5069,unknown
0.142285,0.047826,0.027371,0.142285,54900.0,550.0,2.2594,unknown
0.1716,0.066742,0.037417,0.1716,54900.0,550.0,1.7924,unknown
0.020802,0.012782,0.004004,0.020802,54900.0,550.0,1.077,noise
0.1714,0.05501,0.033655,0.1714,54900.0,550.0,1.7385,unknown
0.182169,0.056444,0.034655,0.182169,54900.0,550.0,1.5872,unknown
1.718539,0.103793,0.300481,1.718539,54900.0,550.0,65.8968,earthquake
1.386185,0.090609,0.265533,1.386185,54900.0,550.0,77.3421,earthquake
0.203316,0.074059,0.037303,0.203316,54900.0,550.0,1.2807,unknown
1.823587,0.110734,0.332494,1.823587,54900.0,550.0,82.1626,earthquake
0.130282,0.048391,0.025839,0.130282,54900.0,550.0,1.795,unknown
0.151427,0.057484,0.03025,0.151427,54900.0,550.0,2.0341,unknown
0.025875,0.017485,0.003978,0.025875,54900.0,550.0,0.958,noise
0.186997,0.057312,0.038014,0.186997,54900.0,550.0,1.6902,unknown
0.145176,0.056592,0.030986,0.145176,54900.0,550.0,2.0184,unknown
0.022286,0.014945,0.004049,0.022286,54900.0,550.0,0.9822,noise
0.018033,0.0107,0.003959,0.018033,54900.0,550.0,0.9506,noise
0.850841,0.067532,0.174863,0.850841,54900.0,550.0,43.3191,earthquake
0.722693,0.058722,0.153534,0.722693,54900.0,550.0,46.9782,earthquake
0.163962,0.058327,0.033113,0.163962,54900.0,550.0,1.7271,unknown
0.028173,0.019157,0.004159,0.028173,54900.0,550.0,1.0627,noise
0.017132,0.010011,0.004105,0.017132,54900.0,550.0,1.0974,noise
0.19199,0.064315,0.036883,0.19199,54900.0,550.0,1.7762,unknown
1.657409,0.110945,0.322382,1.657409,54900.0,550.0,69.201,earthquake
0.188144,0.06472,0.037686,0.188144,54900.0,550.0,1.6946,unknown
1.527116,0.091727,0.278792,1.527116,54900.0,550.0,99.8712,earthquake
0.023626,0.016328,0.004032,0.023626,54900.0,550.0,1.0058,noise
1.525276,0.104191,0.283014,1.525276,54900.0,550.0,45.9184,earthquake
0.170327,0.058903,0.036432,0.170327,54900.0,550.0,1.9076,unknown
0.017299,0.00951,0.00406,0.017299,54900.0,550.0,0.9388,noise
0.190636,0.060751,0.032546,0.190636,54900.0,550.0,1.7189,unknown
0.170112,0.057191,0.032347,0.170112,54900.0,550.0,1.3027,unknown
0.628744,0.060524,0.134775,0.628744,54900.0,550.0,25.5885,earthquake
1.854581,0.11688,0.33155,1.854581,54900.0,550.0,54.7835,earthquake
0.62734,0.055891,0.135141,0.62734,54900.0,550.0,34.2994,earthquake
0.579806,0.059054,0.128105,0.579806,54900.0,550.0,23.9363,earthquake
1.108801,0.075495,0.200699,1.108801,54900.0,550.0,46.485,earthquake
0.020755,0.013439,0.004143,0.020755,54900.0,550.0,0.9691,noise
0.161042,0.055533,0.029796,0.161042,54900.0,550.0,1.4469,unknown
0.016419,0.008852,0.004074,0.016419,54900.0,550.0,0.989,noise
1.550255,0.09808,0.302396,1.550255,54900.0,550.0,111.0493,earthquake
0.152649,0.047658,0.028192,0.152649,54900.0,550.0,1.468,unknown
0.023542,0.01568,0.003982,0.023542,54900.0,550.0,1.0355,noise
0.024219,0.016473,0.004118,0.024219,54900.0,550.0,0.9701,noise
0.746898,0.068865,0.155747,0.746898,54900.0,550.0,26.3743,earthquake
0.188168,0.051285,0.03434,0.188168,54900.0,550.0,1.6938,unknown
0.561236,0.049648,0.12695,0.561236,54900.0,550.0,44.5351,earthquake
0.153304,0.062771,0.03041,0.153304,54900.0,550.0,1.3701,unknown
0.166914,0.058124,0.032868,0.166914,54900.0,550.0,1.7988,unknown
0.1774,0.067333,0.033951,0.1774,54900.0,550.0,1.4812,unknown
0.024808,0.01668,0.004195,0.024808,54900.0,550.0,0.9772,noise
0.017605,0.010142,0.004032,0.017605,54900.0,550.0,0.9009,noise
0.020387,0.013145,0.004051,0.020387,54900.0,550.0,1.0149,noise
0.112201,0.041641,0.019904,0.112201,54900.0,550.0,1.6034,unknown
0.0202,0.012962,0.004146,0.0202,54900.0,550.0,1.0998,noise
1.685329,0.103329,0.306058,1.685329,54900.0,550.0,76.2395,earthquake
0.018292,0.010801,0.00414,0.018292,54900.0,550.0,1.067,noise
0.965085,0.064948,0.184646,0.965085,54900.0,550.0,73.1838,earthquake
0.160583,0.054272,0.030491,0.160583,54900.0,550.0,1.5745,unknown
0.028064,0.019905,0.00422,0.028064,54900.0,550.0,0.9425,noise
0.016913,0.009604,0.003986,0.016913,54900.0,550.0,0.9921,noise
0.020568,0.013054,0.004005,0.020568,54900.0,550.0,1.0444,noise
1.247127,0.081342,0.238887,1.247127,54900.0,550.0,85.2716,earthquake
0.027254,0.018954,0.004099,0.027254,54900.0,550.0,0.9937,noise
0.020921,0.013638,0.003924,0.020921,54900.0,550.0,1.0243,noise
1.606965,0.102488,0.286277,1.606965,54900.0,550.0,52.3807,earthquake
0.205951,0.07749,0.039709,0.205951,54900.0,550.0,1.7104,unknown
0.160987,0.069721,0.028307,0.160987,54900.0,550.0,1.5498,unknown
0.027406,0.019554,0.004061,0.027406,54900.0,550.0,0.9957,noise
0.554893,0.049487,0.124748,0.554893,54900.0,550.0,41.5907,earthquake
1.308975,0.089089,0.240701,1.308975,54900.0,550.0,47.3274,earthquake
1.677212,0.112161,0.308732,1.677212,54900.0,550.0,47.9699,earthquake
0.668342,0.063418,0.143028,0.668342,54900.0,550.0,26.644,earthquake
1.795549,0.112084,0.318137,1.795549,54900.0,550.0,56.6555,earthquake
0.16104,0.056609,0.031689,0.16104,54900.0,550.0,2.2278,unknown
0.151823,0.057535,0.03224,0.151823,54900.0,550.0,1.8627,unknown
0.026101,0.018734,0.004183,0.026101,54900.0,550.0,0.9772,noise
1.547068,0.10009,0.28749,1.547068,54900.0,550.0,63.6248,earthquake
0.027796,0.020113,0.004087,0.027796,54900.0,550.0,0.9173,noise
0.168424,0.057636,0.031642,0.168424,54900.0,550.0,1.9959,unknown
0.027828,0.019863,0.004143,0.027828,54900.0,550.0,1.0315,noise
0.023955,0.016755,0.004036,0.023955,54900.0,550.0,1.0056,noise
0.182283,0.055629,0.034472,0.182283,54900.0,550.0,1.7363,unknown
0.170478,0.0654,0.034406,0.170478,54900.0,550.0,2.0276,unknown
0.13709,0.045932,0.027388,0.13709,54900.0,550.0,2.0434,unknown
1.346796,0.086799,0.253449,1.346796,54900.0,550.0,71.4962,earthquake
0.166948,0.052627,0.031927,0.166948,54900.0,550.0,2.193,unknown
0.015745,0.008045,0.004173,0.015745,54900.0,550.0,0.9114,noise
0.173631,0.053932,0.031847,0.173631,54900.0,550.0,1.4664,unknown
0.017396,0.009665,0.004074,0.017396,54900.0,550.0,0.9817,noise
1.930674,0.10992,0.342708,1.930674,54900.0,550.0,113.6338,earthquake
1.920233,0.117742,0.339498,1.920233,54900.0,550.0,60.2244,earthquake
0.162421,0.047623,0.027814,0.162421,54900.0,550.0,2.2304,unknown
0.799283,0.057524,0.161819,0.799283,54900.0,550.0,70.6712,earthquake
0.026823,0.018304,0.004059,0.026823,54900.0,550.0,1.0023,noise
0.024059,0.016088,0.004041,0.024059,54900.0,550.0,0.9614,noise
1.133199,0.081991,0.215449,1.133199,54900.0,550.0,42.7065,earthquake
1.556714,0.096976,0.274573,1.556714,54900.0,550.0,59.577,earthquake
0.020931,0.01339,0.004076,0.020931,54900.0,550.0,1.0029,noise
0.024733,0.017167,0.004094,0.024733,54900.0,550.0,1.0359,noise
0.015501,0.007999,0.00391,0.015501,54900.0,550.0,0.978,noise
0.138298,0.053655,0.025795,0.138298,54900.0,550.0,1.3653,unknown
1.233342,0.081268,0.234541,1.233342,54900.0,550.0,71.6441,earthquake
0.173384,0.06621,0.030965,0.173384,54900.0,550.0,1.568,unknown
1.304979,0.095703,0.263756,1.304979,54900.0,550.0,53.4155,earthquake
0.158016,0.043879,0.029942,0.158016,54900.0,550.0,1.7815,unknown
1.318095,0.093866,0.24888,1.318095,54900.0,550.0,42.659,earthquake
0.023161,0.015431,0.004083,0.023161,54900.0,550.0,0.9723,noise
0.021115,0.013925,0.004116,0.021115,54900.0,550.0,0.9258,noise
0.165934,0.059748,0.030839,0.165934,54900.0,550.0,1.7977,unknown
0.016444,0.00892,0.004061,0.016444,54900.0,550.0,1.0651,noise
0.926383,0.06914,0.184499,0.926383,54900.0,550.0,49.8948,earthquake
0.018228,0.010889,0.003921,0.018228,54900.0,550.0,1.0011,noise
1.715169,0.106786,0.328734,1.715169,54900.0,550.0,110.4414,earthquake
0.023726,0.016034,0.004005,0.023726,54900.0,550.0,1.0216,noise
0.020205,0.01228,0.004001,0.020205,54900.0,550.0,0.9902,noise
0.161818,0.066587,0.029029,0.161818,54900.0,550.0,1.6642,unknown
1.646128,0.110544,0.301571,1.646128,54900.0,550.0,46.1173,earthquake
0.146382,0.050459,0.029021,0.146382,54900.0,550.0,1.5487,unknown
1.760287,0.113273,0.326673,1.760287,54900.0,550.0,62.736,earthquake
1.431437,0.089838,0.266128,1.431437,54900.0,550.0,87.7786,earthquake
0.615734,0.058419,0.134033,0.615734,54900.0,550.0,28.5806,earthquake
0.716518,0.066381,0.152795,0.716518,54900.0,550.0,27.8953,earthquake
0.022393,0.01498,0.003905,0.022393,54900.0,550.0,1.0225,noise
1.055146,0.07303,0.208925,1.055146,54900.0,550.0,72.3036,earthquake
0.874663,0.071181,0.176756,0.874663,54900.0,550.0,35.3294,earthquake
0.023141,0.01577,0.00425,0.023141,54900.0,550.0,0.9692,noise
0.188009,0.075835,0.034915,0.188009,54900.0,550.0,1.4753,unknown
1.296506,0.087683,0.239771,1.296506,54900.0,550.0,52.4632,earthquake
0.021552,0.0142,0.004064,0.021552,54900.0,550.0,0.9815,noise
0.188181,0.064525,0.03715,0.188181,54900.0,550.0,1.2142,unknown
0.018441,0.010917,0.004039,0.018441,54900.0,550.0,0.9504,noise
0.627408,0.058113,0.134458,0.627408,54900.0,550.0,29.4276,earthquake
0.198726,0.055058,0.034805,0.198726,54900.0,550.0,1.5256,unknown
0.172322,0.064541,0.03396,0.172322,54900.0,550.0,1.4176,unknown
0.704578,0.059516,0.151872,0.704578,54900.0,550.0,41.8257,earthquake
1.512958,0.096693,0.26822,1.512958,54900.0,550.0,51.1492,earthquake
0.146295,0.060078,0.027218,0.146295,54900.0,550.0,1.4081,unknown
0.022651,0.015119,0.004052,0.022651,54900.0,550.0,0.9491,noise
1.282446,0.093361,0.240919,1.282446,54900.0,550.0,37.8323,earthquake
0.186568,0.055614,0.03525,0.186568,54900.0,550.0,1.7216,unknown
0.172435,0.061242,0.034522,0.172435,54900.0,550.0,1.6696,unknown
1.792,0.110187,0.337503,1.792,54900.0,550.0,100.3544,earthquake
0.185652,0.068219,0.038893,0.185652,54900.0,550.0,1.492,unknown
0.025361,0.017673,0.004007,0.025361,54900.0,550.0,0.9905,noise
0.025441,0.017697,0.003887,0.025441,54900.0,550.0,1.0188,noise
0.018879,0.010909,0.004087,0.018879,54900.0,550.0,0.9498,noise
0.015831,0.008352,0.003966,0.015831,54900.0,550.0,1.0833,noise
0.178443,0.05252,0.032285,0.178443,54900.0,550.0,1.3541,unknown
0.985775,0.070294,0.191556,0.985775,54900.0,550.0,55.3128,earthquake
0.172113,0.050277,0.032727,0.172113,54900.0,550.0,1.3063,unknown
0.189742,0.071963,0.038773,0.189742,54900.0,550.0,1.6502,unknown
1.152287,0.083705,0.217071,1.152287,54900.0,550.0,40.075,earthquake
0.130231,0.043999,0.024315,0.130231,54900.0,550.0,1.4256,unknown
0.015659,0.008483,0.004045,0.015659,54900.0,550.0,0.9436,noise
0.159022,0.0592,0.030668,0.159022,54900.0,550.0,1.7437,unknown
0.025549,0.017226,0.004104,0.025549,54900.0,550.0,1.0271,noise
0.808941,0.0697,0.169791,0.808941,54900.0,550.0,33.786,earthquake
0.176161,0.070401,0.031483,0.176161,54900.0,550.0,1.4516,unknown
0.175952,0.052792,0.033765,0.175952,54900.0,550.0,1.5545,unknown
0.170723,0.057502,0.032399,0.170723,54900.0,550.0,1.538,unknown
1.180428,0.081849,0.22448,1.180428,54900.0,550.0,53.2584,earthquake
0.773301,0.066521,0.162933,0.773301,54900.0,550.0,34.4076,earthquake
0.666242,0.06351,0.140586,0.666242,54900.0,550.0,25.1604,earthquake
0.191988,0.074272,0.036737,0.191988,54900.0,550.0,1.5104,unknown
0.141815,0.045277,0.028114,0.141815,54900.0,550.0,1.5572,unknown
0.81567,0.074601,0.173962,0.81567,54900.0,550.0,29.0155,earthquake
0.846743,0.069822,0.169311,0.846743,54900.0,550.0,33.433,earthquake
1.579594,0.106291,0.31522,1.579594,54900.0,550.0,81.6635,earthquake
0.163361,0.069362,0.02666,0.163361,54900.0,550.0,1.5156,unknown
0.019426,0.011954,0.004181,0.019426,54900.0,550.0,0.9631,noise
1.789497,0.108589,0.318324,1.789497,54900.0,550.0,67.3757,earthquake
0.017263,0.009677,0.004089,0.017263,54900.0,550.0,0.9938,noise
1.43146,0.096871,0.281725,1.43146,54900.0,550.0,67.7348,earthquake
1.044125,0.072428,0.202188,1.044125,54900.0,550.0,61.4278,earthquake
0.119112,0.043134,0.022733,0.119112,54900.0,550.0,1.639,unknown
0.02652,0.018076,0.00405,0.02652,54900.0,550.0,0.9398,noise
0.17551,0.064091,0.031353,0.17551,54900.0,550.0,1.9979,unknown
1.566554,0.109402,0.294848,1.566554,54900.0,550.0,45.3416,earthquake
0.157195,0.053445,0.031597,0.157195,54900.0,550.0,2.0954,unknown
0.018064,0.010345,0.004181,0.018064,54900.0,550.0,0.9487,noise
0.0225,0.013811,0.00403,0.0225,54900.0,550.0,0.9905,noise
1.699757,0.111824,0.308266,1.699757,54900.0,550.0,48.2371,earthquake
1.306962,0.089351,0.244456,1.306962,54900.0,550.0,50.1952,earthquake
0.180225,0.067824,0.029335,0.180225,54900.0,550.0,1.9731,unknown
0.972049,0.073201,0.192612,0.972049,54900.0,550.0,45.4869,earthquake
0.015444,0.008374,0.004026,0.015444,54900.0,550.0,1.0015,noise
0.188238,0.048503,0.032943,0.188238,54900.0,550.0,1.4365,unknown
1.540599,0.096687,0.290842,1.540599,54900.0,550.0,95.789,earthquake
1.181751,0.077106,0.228002,1.181751,54900.0,550.0,86.9516,earthquake
0.020629,0.013056,0.003899,0.020629,54900.0,550.0,0.9382,noise
0.018948,0.0118,0.004011,0.018948,54900.0,550.0,0.8974,noise
0.024771,0.017107,0.00423,0.024771,54900.0,550.0,0.9563,noise
0.776426,0.067194,0.164303,0.776426,54900.0,550.0,33.9648,earthquake
0.173555,0.0623,0.03274,0.173555,54900.0,550.0,1.9537,unknown
0.022322,0.014178,0.004065,0.022322,54900.0,550.0,1.022,noise
0.023716,0.016112,0.004114,0.023716,54900.0,550.0,1.0437,noise
0.16466,0.052064,0.033189,0.16466,54900.0,550.0,1.8653,unknown
0.204258,0.061995,0.038992,0.204258,54900.0,550.0,1.9019,unknown
0.021124,0.013466,0.004097,0.021124,54900.0,550.0,0.9918,noise
0.177421,0.055647,0.0357,0.177421,54900.0,550.0,1.7578,unknown
0.96397,0.078397,0.190213,0.96397,54900.0,550.0,32.0053,earthquake
0.893025,0.06756,0.186941,0.893025,54900.0,550.0,61.3083,earthquake
0.557933,0.048908,0.128996,0.557933,54900.0,550.0,53.0191,earthquake
0.15357,0.047874,0.03405,0.15357,54900.0,550.0,2.065,unknown
0.161811,0.047018,0.029807,0.161811,54900.0,550.0,2.0533,unknown
0.73706,0.064888,0.156916,0.73706,54900.0,550.0,33.794,earthquake
0.13529,0.058516,0.026604,0.13529,54900.0,550.0,1.3954,unknown
0.139472,0.052374,0.026963,0.139472,54900.0,550.0,1.3385,unknown
1.48543,0.098405,0.293976,1.48543,54900.0,550.0,86.8181,earthquake
1.808422,0.112625,0.323857,1.808422,54900.0,550.0,60.5478,earthquake
0.581706,0.056519,0.126176,0.581706,54900.0,550.0,26.3549,earthquake
0.020625,0.012036,0.003941,0.020625,54900.0,550.0,0.9752,noise
0.169087,0.053468,0.031601,0.169087,54900.0,550.0,1.5215,unknown
0.021427,0.014021,0.004095,0.021427,54900.0,550.0,0.9468,noise
0.160725,0.066997,0.030413,0.160725,54900.0,550.0,1.7133,unknown
0.173339,0.067053,0.032521,0.173339,54900.0,550.0,1.4786,unknown
0.026875,0.019275,0.003741,0.026875,54900.0,550.0,1.0217,noise
0.1859,0.061688,0.035865,0.1859,54900.0,550.0,1.4389,unknown
0.177414,0.050651,0.035264,0.177414,54900.0,550.0,1.9735,unknown
0.138948,0.042095,0.025058,0.138948,54900.0,550.0,1.5276,unknown
0.018015,0.010429,0.004083,0.018015,54900.0,550.0,1.0393,noise
0.018218,0.010677,0.004168,0.018218,54900.0,550.0,0.9834,noise
0.017865,0.010623,0.004079,0.017865,54900.0,550.0,1.0126,noise
1.061962,0.075026,0.203596,1.061962,54900.0,550.0,53.8475,earthquake
1.151123,0.083097,0.218753,1.151123,54900.0,550.0,43.0823,earthquake
0.17799,0.060623,0.034926,0.17799,54900.0,550.0,1.442,unknown
1.435474,0.094311,0.257465,1.435474,54900.0,550.0,48.6947,earthquake
0.025196,0.017462,0.004066,0.025196,54900.0,550.0,0.9892,noise
0.945469,0.075672,0.190392,0.945469,54900.0,550.0,37.8204,earthquake
0.779982,0.063795,0.162418,0.779982,54900.0,550.0,40.7466,earthquake
0.516457,0.049967,0.113836,0.516457,54900.0,550.0,28.5888,earthquake
0.558847,0.060458,0.126771,0.558847,54900.0,550.0,21.9352,earthquake
0.137379,0.057272,0.027874,0.137379,54900.0,550.0,1.8063,unknown
0.023713,0.015794,0.004152,0.023713,54900.0,550.0,0.9404,noise
1.320133,0.088658,0.248481,1.320133,54900.0,550.0,56.45,earthquake
0.152427,0.06096,0.029703,0.152427,54900.0,550.0,1.5843,unknown
0.021056,0.01306,0.004073,0.021056,54900.0,550.0,0.995,noise
0.015247,0.008002,0.004027,0.015247,54900.0,550.0,1.0693,noise
0.141832,0.043114,0.029443,0.141832,54900.0,550.0,2.1888,unknown
1.217136,0.093187,0.243269,1.217136,54900.0,550.0,40.7577,earthquake
0.207805,0.069641,0.037977,0.207805,54900.0,550.0,1.5068,unknown
0.167307,0.065944,0.034312,0.167307,54900.0,550.0,1.7592,unknown
0.674757,0.060715,0.139214,0.674757,54900.0,550.0,27.8616,earthquake
0.025896,0.017199,0.004093,0.025896,54900.0,550.0,1.017,noise
0.149005,0.048038,0.028639,0.149005,54900.0,550.0,1.7554,unknown
1.205396,0.073791,0.215391,1.205396,54900.0,550.0,79.5218,earthquake
0.165438,0.067036,0.030777,0.165438,54900.0,550.0,1.7864,unknown
0.147854,0.068949,0.027852,0.147854,54900.0,550.0,1.6075,unknown
0.199652,0.06296,0.038272,0.199652,54900.0,550.0,2.0222,unknown
0.819208,0.070244,0.169186,0.819208,54900.0,550.0,31.963,earthquake
0.763847,0.065814,0.158868,0.763847,54900.0,550.0,32.7208,earthquake
0.191831,0.073231,0.035795,0.191831,54900.0,550.0,1.518,unknown
1.811473,0.107906,0.328058,1.811473,54900.0,550.0,100.2987,earthquake
0.194101,0.058746,0.036819,0.194101,54900.0,550.0,1.4162,unknown
0.020663,0.012849,0.003981,0.020663,54900.0,550.0,0.9769,noise
0.799195,0.070889,0.15937,0.799195,54900.0,550.0,25.6233,earthquake
0.192337,0.073152,0.035601,0.192337,54900.0,550.0,1.7371,unknown
1.31048,0.084657,0.248514,1.31048,54900.0,550.0,77.2812,earthquake
1.092682,0.078248,0.224359,1.092682,54900.0,550.0,71.0903,earthquake
0.028323,0.01981,0.00397,0.028323,54900.0,550.0,1.0072,noise
1.600216,0.105418,0.289611,1.600216,54900.0,550.0,50.1314,earthquake
1.328557,0.085358,0.25436,1.328557,54900.0,550.0,90.0982,earthquake
0.477932,0.053989,0.110623,0.477932,54900.0,550.0,20.8023,earthquake
0.941478,0.066939,0.184615,0.941478,54900.0,550.0,59.1733,earthquake
0.016506,0.008911,0.004043,0.016506,54900.0,550.0,1.0555,noise
1.044653,0.077708,0.19308,1.044653,54900.0,550.0,34.9191,earthquake
0.17265,0.052121,0.034068,0.17265,54900.0,550.0,1.6823,unknown
0.026828,0.019345,0.004014,0.026828,54900.0,550.0,0.9827,noise
0.147623,0.052282,0.027463,0.147623,54900.0,550.0,1.5062,unknown
1.627043,0.106332,0.306486,1.627043,54900.0,550.0,66.7994,earthquake
0.192034,0.071901,0.034886,0.192034,54900.0,550.0,1.5093,unknown
0.167117,0.064124,0.030156,0.167117,54900.0,550.0,1.823,unknown
0.026124,0.018231,0.004073,0.026124,54900.0,550.0,0.9888,noise
0.166599,0.069179,0.02874,0.166599,54900.0,550.0,1.5509,unknown
0.64912,0.063749,0.138225,0.64912,54900.0,550.0,23.7665,earthquake
0.027777,0.019407,0.004053,0.027777,54900.0,550.0,1.0043,noise
1.155048,0.081135,0.226336,1.155048,54900.0,550.0,58.4026,earthquake
0.027109,0.019736,0.004121,0.027109,54900.0,550.0,1.0005,noise
0.160077,0.057244,0.026485,0.160077,54900.0,550.0,2.0898,unknown
0.02018,0.012291,0.003999,0.02018,54900.0,550.0,1.0617,noise
0.027183,0.01902,0.003985,0.027183,54900.0,550.0,1.0112,noise
0.1331,0.052134,0.026055,0.1331,54900.0,550.0,1.8214,unknown
0.194804,0.073932,0.039237,0.194804,54900.0,550.0,1.6887,unknown
0.188428,0.06971,0.038221,0.188428,54900.0,550.0,1.6903,unknown
0.025949,0.018093,0.00406,0.025949,54900.0,550.0,0.9505,noise
0.020963,0.013195,0.004068,0.020963,54900.0,550.0,0.9447,noise
0.027576,0.019832,0.004097,0.027576,54900.0,550.0,1.0053,noise
0.015745,0.007978,0.003999,0.015745,54900.0,550.0,1.0514,noise
0.016833,0.008557,0.004005,0.016833,54900.0,550.0,0.8469,noise
0.016084,0.008338,0.004121,0.016084,54900.0,550.0,0.9109,noise
0.201781,0.068167,0.03644,0.201781,54900.0,550.0,1.3611,unknown
0.017937,0.010356,0.004037,0.017937,54900.0,550.0,1.0313,noise
0.020857,0.013413,0.004014,0.020857,54900.0,550.0,1.0554,noise
0.19125,0.049558,0.033305,0.19125,54900.0,550.0,1.4117,unknown
1.442056,0.089838,0.27042,1.442056,54900.0,550.0,95.6917,earthquake
0.856945,0.073737,0.172274,0.856945,54900.0,550.0,28.5436,earthquake
0.160854,0.063253,0.03208,0.160854,54900.0,550.0,1.9097,unknown
0.177838,0.068048,0.03012,0.177838,54900.0,550.0,1.9328,unknown
1.167532,0.08357,0.216323,1.167532,54900.0,550.0,40.2977,earthquake
0.024573,0.017501,0.003963,0.024573,54900.0,550.0,0.9853,noise
0.152057,0.046422,0.029946,0.152057,54900.0,550.0,1.9007,unknown
1.487816,0.104478,0.276611,1.487816,54900.0,550.0,42.0972,earthquake
0.98429,0.079572,0.198443,0.98429,54900.0,550.0,35.7882,earthquake
0.966657,0.072988,0.186309,0.966657,54900.0,550.0,39.4797,earthquake
0.995944,0.072277,0.180883,0.995944,54900.0,550.0,36.5531,earthquake
0.180261,0.071758,0.033016,0.180261,54900.0,550.0,1.7704,unknown
0.177196,0.063162,0.036756,0.177196,54900.0,550.0,1.5825,unknown
0.023063,0.015438,0.004165,0.023063,54900.0,550.0,1.0258,noise
0.145429,0.051872,0.026255,0.145429,54900.0,550.0,1.9692,unknown
0.026041,0.018343,0.004073,0.026041,54900.0,550.0,1.0211,noise
0.018583,0.011019,0.004081,0.018583,54900.0,550.0,0.9691,noise
0.018882,0.010921,0.003922,0.018882,54900.0,550.0,0.993,noise
0.02208,0.013531,0.004101,0.02208,54900.0,550.0,1.0245,noise
1.3184,0.086526,0.248246,1.3184,54900.0,550.0,68.597,earthquake
1.257165,0.090928,0.24559,1.257165,54900.0,550.0,46.6001,earthquake
1.797429,0.106122,0.330588,1.797429,54900.0,550.0,119.0658,earthquake
0.016227,0.00874,0.003877,0.016227,54900.0,550.0,0.968,noise
1.779966,0.116947,0.333099,1.779966,54900.0,550.0,56.0627,earthquake
0.144805,0.046731,0.026638,0.144805,54900.0,550.0,2.1419,unknown
1.689994,0.105269,0.301668,1.689994,54900.0,550.0,60.5843,earthquake
0.125755,0.043736,0.023055,0.125755,54900.0,550.0,1.5017,unknown
1.798804,0.111683,0.322229,1.798804,54900.0,550.0,60.0726,earthquake
0.027499,0.019936,0.004122,0.027499,54900.0,550.0,1.0116,noise
0.022348,0.014929,0.004056,0.022348,54900.0,550.0,0.9206,noise
0.025653,0.0176,0.004029,0.025653,54900.0,550.0,1.0239,noise
0.13218,0.05104,0.025972,0.13218,54900.0,550.0,1.9597,unknown
0.019817,0.012253,0.004079,0.019817,54900.0,550.0,0.9448,noise
0.155738,0.046326,0.029008,0.155738,54900.0,550.0,1.7504,unknown
0.188166,0.074357,0.037361,0.188166,54900.0,550.0,1.6675,unknown
0.01563,0.008309,0.004118,0.01563,54900.0,550.0,1.0495,noise
0.163489,0.056906,0.031229,0.163489,54900.0,550.0,2.0884,unknown
0.154384,0.057588,0.028964,0.154384,54900.0,550.0,1.4239,unknown
0.533973,0.047803,0.116452,0.533973,54900.0,550.0,36.4943,earthquake
0.024768,0.016869,0.004022,0.024768,54900.0,550.0,0.9532,noise
0.015758,0.008212,0.004092,0.015758,54900.0,550.0,1.0253,noise
0.026283,0.018881,0.00411,0.026283,54900.0,550.0,0.9754,noise
0.025308,0.017736,0.00402,0.025308,54900.0,550.0,0.9514,noise
0.161229,0.049952,0.031586,0.161229,54900.0,550.0,1.5313,unknown
0.019154,0.011407,0.003945,0.019154,54900.0,550.0,1.1209,noise
1.529628,0.096386,0.291854,1.529628,54900.0,550.0,101.7063,earthquake
1.127535,0.080576,0.229644,1.127535,54900.0,550.0,68.5842,earthquake
0.02098,0.013183,0.004125,0.02098,54900.0,550.0,0.9373,noise
0.020819,0.013299,0.004031,0.020819,54900.0,550.0,0.9761,noise
1.246983,0.088488,0.223389,1.246983,54900.0,550.0,35.2312,earthquake
0.020849,0.013556,0.004082,0.020849,54900.0,550.0,1.0299,noise
0.20422,0.069667,0.038914,0.20422,54900.0,550.0,1.4595,unknown
0.188332,0.072265,0.034613,0.188332,54900.0,550.0,1.4015,unknown
0.023708,0.015945,0.004039,0.023708,54900.0,550.0,0.9598,noise
0.606929,0.056843,0.13429,0.606929,54900.0,550.0,31.7014,earthquake
1.672584,0.103634,0.30291,1.672584,54900.0,550.0,67.9954,earthquake
0.20292,0.066676,0.035039,0.20292,54900.0,550.0,1.3114,unknown
0.027275,0.019558,0.004094,0.027275,54900.0,550.0,0.992,noise
1.072211,0.083225,0.212244,1.072211,54900.0,550.0,37.2688,earthquake
1.078291,0.079819,0.210847,1.078291,54900.0,550.0,43.4842,earthquake
1.747239,0.108136,0.323671,1.747239,54900.0,550.0,85.3592,earthquake
0.015919,0.008599,0.004141,0.015919,54900.0,550.0,0.8605,noise
0.100092,0.035887,0.017632,0.100092,54900.0,550.0,1.7434,unknown
0.159517,0.059852,0.029835,0.159517,54900.0,550.0,1.9926,unknown
1.586949,0.110917,0.299822,1.586949,54900.0,550.0,46.1659,earthquake
1.263902,0.091438,0.235462,1.263902,54900.0,550.0,37.6193,earthquake
0.0216,0.01375,0.004059,0.0216,54900.0,550.0,0.9529,noise
0.173856,0.066081,0.036805,0.173856,54900.0,550.0,1.6488,unknown
0.025737,0.017592,0.004026,0.025737,54900.0,550.0,0.948,noise
0.017828,0.010764,0.003942,0.017828,54900.0,550.0,0.9887,noise
0.919968,0.073543,0.17837,0.919968,54900.0,550.0,32.6131,earthquake
0.136659,0.054531,0.026811,0.136659,54900.0,550.0,1.725,unknown
0.148324,0.059258,0.027726,0.148324,54900.0,550.0,1.6718,unknown
0.025715,0.017503,0.004043,0.025715,54900.0,550.0,1.0242,noise
0.144934,0.065208,0.026934,0.144934,54900.0,550.0,1.3908,unknown
1.736314,0.114388,0.332217,1.736314,54900.0,550.0,65.1704,earthquake
1.697249,0.10898,0.325666,1.697249,54900.0,550.0,85.7607,earthquake
0.736031,0.061955,0.157628,0.736031,54900.0,550.0,41.0639,earthquake
0.017398,0.010056,0.003795,0.017398,54900.0,550.0,1.0055,noise
0.024708,0.017351,0.004166,0.024708,54900.0,550.0,1.0431,noise
1.403214,0.095574,0.255851,1.403214,54900.0,550.0,45.2465,earthquake
1.672533,0.105911,0.314821,1.672533,54900.0,550.0,83.5196,earthquake
0.024129,0.016114,0.004114,0.024129,54900.0,550.0,0.9795,noise
0.134834,0.048264,0.026233,0.134834,54900.0,550.0,1.4556,unknown
0.016446,0.009362,0.004097,0.016446,54900.0,550.0,1.1108,noise
0.128282,0.038773,0.022777,0.128282,54900.0,550.0,2.5857,unknown
0.01954,0.012028,0.004209,0.01954,54900.0,550.0,0.9552,noise
0.130392,0.043651,0.02328,0.130392,54900.0,550.0,1.4637,unknown
0.943689,0.068769,0.194188,0.943689,54900.0,550.0,68.9533,earthquake
0.015462,0.008406,0.00397,0.015462,54900.0,550.0,1.1432,noise
0.657982,0.056975,0.145151,0.657982,54900.0,550.0,42.631,earthquake
1.033276,0.079609,0.202693,1.033276,54900.0,550.0,38.3139,earthquake
0.14663,0.064643,0.028309,0.14663,54900.0,550.0,1.6017,unknown
0.020908,0.013159,0.004038,0.020908,54900.0,550.0,0.9613,noise
1.182208,0.088469,0.232092,1.182208,54900.0,550.0,41.1327,earthquake
0.942536,0.071745,0.191625,0.942536,54900.0,550.0,47.9638,earthquake
1.030352,0.073927,0.209847,1.030352,54900.0,550.0,68.3434,earthquake
0.018078,0.009918,0.004083,0.018078,54900.0,550.0,1.0823,noise
0.153673,0.051394,0.03053,0.153673,54900.0,550.0,1.7493,unknown
0.733635,0.062737,0.15169,0.733635,54900.0,550.0,33.1443,earthquake
0.015754,0.008494,0.004156,0.015754,54900.0,550.0,0.9565,noise
0.857548,0.066246,0.176148,0.857548,54900.0,550.0,50.0307,earthquake
0.023972,0.016096,0.003965,0.023972,54900.0,550.0,0.982,noise
0.024113,0.016092,0.004186,0.024113,54900.0,550.0,0.9865,noise
0.179882,0.051015,0.032847,0.179882,54900.0,550.0,1.7411,unknown
0.62017,0.053637,0.133821,0.62017,54900.0,550.0,39.5886,earthquake
0.120335,0.038347,0.023231,0.120335,54900.0,550.0,1.7874,unknown
0.115029,0.039914,0.0215,0.115029,54900.0,550.0,2.2407,unknown
0.020886,0.013675,0.004057,0.020886,54900.0,550.0,1.0537,noise
0.025197,0.017237,0.00402,0.025197,54900.0,550.0,1.0567,noise
0.023329,0.015203,0.004029,0.023329,54900.0,550.0,1.0152,noise
0.019192,0.010856,0.004037,0.019192,54900.0,550.0,0.986,noise
0.023755,0.01607,0.003994,0.023755,54900.0,550.0,1.0233,noise
0.026885,0.01913,0.004111,0.026885,54900.0,550.0,1.0081,noise
1.588042,0.103834,0.310669,1.588042,54900.0,550.0,86.6984,earthquake
0.198521,0.065232,0.039063,0.198521,54900.0,550.0,1.4128,unknown
1.183068,0.078182,0.233674,1.183068,54900.0,550.0,94.4793,earthquake
0.196321,0.074641,0.040359,0.196321,54900.0,550.0,1.7035,unknown
0.020618,0.013088,0.004008,0.020618,54900.0,550.0,0.941,noise
0.155836,0.05723,0.031165,0.155836,54900.0,550.0,2.0648,unknown
1.67115,0.109794,0.30266,1.67115,54900.0,550.0,48.2034,earthquake
0.018935,0.011117,0.004015,0.018935,54900.0,550.0,0.993,noise
0.160336,0.067652,0.027206,0.160336,54900.0,550.0,1.4656,unknown
0.151761,0.047191,0.029708,0.151761,54900.0,550.0,2.3511,unknown
0.153058,0.040935,0.028099,0.153058,54900.0,550.0,1.5111,unknown
1.023909,0.081692,0.198247,1.023909,54900.0,550.0,31.1465,earthquake
0.022341,0.014667,0.004038,0.022341,54900.0,550.0,1.0183,noise
1.423169,0.096123,0.281464,1.423169,54900.0,550.0,74.2975,earthquake
0.023051,0.016076,0.003899,0.023051,54900.0,550.0,0.955,noise
0.156847,0.040426,0.027469,0.156847,54900.0,550.0,1.3769,unknown
0.866454,0.059882,0.165113,0.866454,54900.0,550.0,62.1482,earthquake
0.190756,0.064939,0.037155,0.190756,54900.0,550.0,1.4532,unknown
0.025014,0.017609,0.004061,0.025014,54900.0,550.0,0.9819,noise
0.142394,0.047334,0.027774,0.142394,54900.0,550.0,1.8146,unknown
0.167188,0.057103,0.033517,0.167188,54900.0,550.0,2.0346,unknown
0.171077,0.046043,0.028258,0.171077,54900.0,550.0,1.2361,unknown
0.020626,0.012765,0.003972,0.020626,54900.0,550.0,0.9536,noise
1.652539,0.102652,0.312097,1.652539,54900.0,550.0,96.8706,earthquake
0.027611,0.019774,0.004038,0.027611,54900.0,550.0,0.9743,noise
0.020364,0.012954,0.003877,0.020364,54900.0,550.0,1.0261,noise
1.548066,0.105016,0.291684,1.548066,54900.0,550.0,53.8304,earthquake
0.016174,0.008892,0.004038,0.016174,54900.0,550.0,1.0017,noise
0.17906,0.047856,0.032181,0.17906,54900.0,550.0,1.3665,unknown
0.151033,0.064432,0.027023,0.151033,54900.0,550.0,1.4042,unknown
0.135078,0.04511,0.028579,0.135078,54900.0,550.0,1.999,unknown
0.814348,0.059211,0.166462,0.814348,54900.0,550.0,70.4722,earthquake
0.022374,0.014054,0.004033,0.022374,54900.0,550.0,0.972,noise
0.022204,0.014061,0.004057,0.022204,54900.0,550.0,0.9888,noise
0.0221,0.014326,0.004032,0.0221,54900.0,550.0,0.9818,noise
0.016751,0.009409,0.004169,0.016751,54900.0,550.0,0.9698,noise
0.020744,0.012997,0.004125,0.020744,54900.0,550.0,1.0387,noise
0.124179,0.042183,0.022718,0.124179,54900.0,550.0,1.6149,unknown
0.016371,0.008919,0.004059,0.016371,54900.0,550.0,1.092,noise
0.684361,0.061942,0.14617,0.684361,54900.0,550.0,31.1418,earthquake
0.174722,0.057914,0.031523,0.174722,54900.0,550.0,1.5188,unknown
0.021397,0.01402,0.003905,0.021397,54900.0,550.0,1.0875,noise
0.170381,0.054488,0.03073,0.170381,54900.0,550.0,1.6478,unknown
0.021368,0.012958,0.004003,0.021368,54900.0,550.0,1.0184,noise
0.908678,0.075602,0.178322,0.908678,54900.0,550.0,29.6303,earthquake
0.167496,0.059876,0.031677,0.167496,54900.0,550.0,1.5482,unknown
0.027086,0.019263,0.004104,0.027086,54900.0,550.0,1.0248,noise
0.180531,0.05426,0.036559,0.180531,54900.0,550.0,1.6785,unknown
1.536603,0.094896,0.265628,1.536603,54900.0,550.0,54.6531,earthquake
0.191351,0.058281,0.037994,0.191351,54900.0,550.0,1.8958,unknown
0.017052,0.009593,0.004113,0.017052,54900.0,550.0,0.9854,noise
0.521419,0.049986,0.118956,0.521419,54900.0,550.0,33.1118,earthquake
0.156077,0.068578,0.027246,0.156077,54900.0,550.0,1.8784,unknown
1.662113,0.105141,0.301764,1.662113,54900.0,550.0,61.2968,earthquake
1.370606,0.093613,0.254827,1.370606,54900.0,550.0,47.6018,earthquake
0.825128,0.071409,0.162433,0.825128,54900.0,550.0,26.1783,earthquake
0.01876,0.010578,0.003868,0.01876,54900.0,550.0,0.9882,noise
1.216161,0.080341,0.224898,1.216161,54900.0,550.0,58.2764,earthquake
0.151897,0.063901,0.03236,0.151897,54900.0,550.0,1.5895,unknown
1.886836,0.11501,0.333734,1.886836,54900.0,550.0,64.1508,earthquake
0.021682,0.014037,0.003917,0.021682,54900.0,550.0,1.0595,noise
0.018909,0.010733,0.004041,0.018909,54900.0,550.0,0.9357,noise
0.025876,0.017471,0.004028,0.025876,54900.0,550.0,0.953,noise
0.144427,0.065386,0.022662,0.144427,54900.0,550.0,1.5082,unknown
0.022556,0.01558,0.004007,0.022556,54900.0,550.0,0.9871,noise
0.018302,0.011059,0.00411,0.018302,54900.0,550.0,1.0659,noise
0.021101,0.013431,0.004104,0.021101,54900.0,550.0,1.0547,noise
0.163436,0.070915,0.033847,0.163436,54900.0,550.0,1.6694,unknown
0.695362,0.05709,0.144785,0.695362,54900.0,550.0,42.0825,earthquake
0.023999,0.015434,0.003972,0.023999,54900.0,550.0,0.9461,noise
0.184074,0.062782,0.03871,0.184074,54900.0,550.0,1.9081,unknown
0.023201,0.016042,0.003979,0.023201,54900.0,550.0,0.9844,noise
0.143853,0.059392,0.028849,0.143853,54900.0,550.0,1.6947,unknown
1.241157,0.080261,0.235892,1.241157,54900.0,550.0,83.004,earthquake
0.015371,0.008021,0.004054,0.015371,54900.0,550.0,0.8756,noise
0.018978,0.011246,0.00399,0.018978,54900.0,550.0,1.0917,noise
0.022718,0.015304,0.004073,0.022718,54900.0,550.0,0.9593,noise
0.205253,0.066139,0.039693,0.205253,54900.0,550.0,1.675,unknown
0.017573,0.009874,0.00413,0.017573,54900.0,550.0,0.9607,noise
0.019942,0.012213,0.004186,0.019942,54900.0,550.0,1.0352,noise
0.929101,0.070978,0.181186,0.929101,54900.0,550.0,39.7514,earthquake
0.196499,0.067554,0.035312,0.196499,54900.0,550.0,1.5135,unknown
0.015806,0.007991,0.003974,0.015806,54900.0,550.0,1.0334,noise
1.326933,0.089249,0.251493,1.326933,54900.0,550.0,61.0252,earthquake
0.157304,0.048904,0.031563,0.157304,54900.0,550.0,1.7097,unknown
0.177489,0.069884,0.034423,0.177489,54900.0,550.0,1.5848,unknown
0.187735,0.071907,0.035231,0.187735,54900.0,550.0,1.2735,unknown
1.663994,0.112392,0.307303,1.663994,54900.0,550.0,46.4385,earthquake
1.538687,0.094036,0.28274,1.538687,54900.0,550.0,87.6276,earthquake
0.027809,0.019945,0.004097,0.027809,54900.0,550.0,0.993,noise
1.386367,0.088047,0.25899,1.386367,54900.0,550.0,77.386,earthquake
0.018706,0.010818,0.004116,0.018706,54900.0,550.0,1.044,noise
1.227907,0.084011,0.237752,1.227907,54900.0,550.0,61.2038,earthquake
1.465635,0.097451,0.28639,1.465635,54900.0,550.0,76.9282,earthquake
0.858609,0.073319,0.1771,0.858609,54900.0,550.0,32.0861,earthquake
1.041599,0.073415,0.192312,1.041599,54900.0,550.0,43.7575,earthquake
0.016992,0.009649,0.004053,0.016992,54900.0,550.0,1.0394,noise
0.016422,0.009077,0.004051,0.016422,54900.0,550.0,1.0541,noise
0.197234,0.062249,0.034746,0.197234,54900.0,550.0,1.5079,unknown
1.722462,0.107617,0.328777,1.722462,54900.0,550.0,98.4303,earthquake
0.649975,0.060314,0.143207,0.649975,54900.0,550.0,32.0727,earthquake
0.908468,0.069258,0.17413,0.908468,54900.0,550.0,36.7399,earthquake
0.021664,0.013873,0.004033,0.021664,54900.0,550.0,0.973,noise
0.125565,0.045453,0.023117,0.125565,54900.0,550.0,1.5346,unknown
0.182609,0.052161,0.033654,0.182609,54900.0,550.0,1.6297,unknown
0.023273,0.015819,0.004015,0.023273,54900.0,550.0,0.9972,noise
0.027541,0.019612,0.004161,0.027541,54900.0,550.0,1.0,noise
1.399861,0.099636,0.270667,1.399861,54900.0,550.0,48.2418,earthquake
0.196136,0.073842,0.039839,0.196136,54900.0,550.0,2.1187,unknown
0.017867,0.010627,0.00418,0.017867,54900.0,550.0,0.9179,noise
0.023612,0.015694,0.003965,0.023612,54900.0,550.0,1.0223,noise
1.217796,0.088321,0.249219,1.217796,54900.0,550.0,61.1209,earthquake
0.015654,0.007859,0.004194,0.015654,54900.0,550.0,0.8977,noise
0.146326,0.051422,0.027656,0.146326,54900.0,550.0,2.1939,unknown
0.017729,0.009623,0.004165,0.017729,54900.0,550.0,0.9654,noise
0.187653,0.064267,0.039826,0.187653,54900.0,550.0,1.5839,unknown
0.025442,0.016859,0.00415,0.025442,54900.0,550.0,0.9628,noise
0.02014,0.012526,0.003991,0.02014,54900.0,550.0,1.0259,noise
0.016204,0.008687,0.004001,0.016204,54900.0,550.0,0.9609,noise
0.189632,0.052443,0.035454,0.189632,54900.0,550.0,1.2273,unknown
0.015927,0.008432,0.004054,0.015927,54900.0,550.0,0.9865,noise
0.156696,0.058527,0.030484,0.156696,54900.0,550.0,2.0528,unknown
0.018727,0.011529,0.004146,0.018727,54900.0,550.0,1.0198,noise
0.188677,0.056211,0.035366,0.188677,54900.0,550.0,1.823,unknown
1.412119,0.098055,0.268614,1.412119,54900.0,550.0,50.6289,earthquake
0.023112,0.015389,0.004175,0.023112,54900.0,550.0,1.0033,noise
0.112042,0.039279,0.020934,0.112042,54900.0,550.0,1.7409,unknown
0.016821,0.0091,0.004126,0.016821,54900.0,550.0,0.9405,noise
0.018631,0.011678,0.003801,0.018631,54900.0,550.0,0.9003,noise
1.092224,0.088128,0.222196,1.092224,54900.0,550.0,36.6114,earthquake
0.019831,0.01222,0.004049,0.019831,54900.0,550.0,1.0316,noise
0.147378,0.048447,0.029344,0.147378,54900.0,550.0,2.2883,unknown
0.018128,0.010858,0.004176,0.018128,54900.0,550.0,1.0723,noise
0.207473,0.069886,0.037223,0.207473,54900.0,550.0,1.313,unknown
0.027487,0.019265,0.004146,0.027487,54900.0,550.0,0.9786,noise
0.767351,0.058335,0.157381,0.767351,54900.0,550.0,56.7667,earthquake
0.174221,0.051057,0.033682,0.174221,54900.0,550.0,1.6884,unknown
1.039233,0.081931,0.197046,1.039233,54900.0,550.0,30.403,earthquake
1.490578,0.094248,0.284086,1.490578,54900.0,550.0,95.3115,earthquake
0.016806,0.009022,0.003994,0.016806,54900.0,550.0,1.0791,noise
0.154769,0.055405,0.030611,0.154769,54900.0,550.0,1.8075,unknown
0.194516,0.067035,0.038508,0.194516,54900.0,550.0,1.8189,unknown
1.778013,0.107519,0.309908,1.778013,54900.0,550.0,61.9055,earthquake
0.156233,0.061378,0.033705,0.156233,54900.0,550.0,1.9646,unknown
0.782329,0.070508,0.162805,0.782329,54900.0,550.0,28.0952,earthquake
0.018916,0.011013,0.00391,0.018916,54900.0,550.0,1.0089,noise
1.804362,0.109177,0.339601,1.804362,54900.0,550.0,117.0874,earthquake
0.155452,0.063637,0.030111,0.155452,54900.0,550.0,1.5814,unknown
0.023326,0.015185,0.00407,0.023326,54900.0,550.0,0.9884,noise
0.15771,0.058767,0.028432,0.15771,54900.0,550.0,1.9412,unknown
0.022554,0.014968,0.004095,0.022554,54900.0,550.0,1.0656,noise
0.022262,0.01477,0.00415,0.022262,54900.0,550.0,1.0503,noise
0.474571,0.052942,0.112043,0.474571,54900.0,550.0,22.8051,earthquake
0.157505,0.045536,0.026358,0.157505,54900.0,550.0,2.255,unknown
1.160335,0.086932,0.225194,1.160335,54900.0,550.0,38.9349,earthquake
0.1818,0.065042,0.035849,0.1818,54900.0,550.0,1.8152,unknown
0.188027,0.070135,0.033903,0.188027,54900.0,550.0,1.1714,unknown
0.021517,0.013492,0.004218,0.021517,54900.0,550.0,0.9821,noise
0.154373,0.051919,0.029423,0.154373,54900.0,550.0,1.4686,unknown
0.020599,0.013261,0.003942,0.020599,54900.0,550.0,0.9409,noise
0.025787,0.017801,0.004033,0.025787,54900.0,550.0,0.9766,noise
1.190876,0.088645,0.230287,1.190876,54900.0,550.0,40.0436,earthquake
0.025385,0.017602,0.004061,0.025385,54900.0,550.0,1.0035,noise
0.017917,0.010557,0.004024,0.017917,54900.0,550.0,0.9074,noise
1.616588,0.102448,0.30504,1.616588,54900.0,550.0,79.1893,earthquake
0.171007,0.058321,0.034645,0.171007,54900.0,550.0,1.5402,unknown
0.152982,0.054235,0.028243,0.152982,54900.0,550.0,1.7675,unknown
0.168697,0.055108,0.035324,0.168697,54900.0,550.0,2.0156,unknown
0.983049,0.073938,0.192258,0.983049,54900.0,550.0,41.6639,earthquake
0.024474,0.016887,0.003933,0.024474,54900.0,550.0,1.0236,noise
0.181283,0.061656,0.035345,0.181283,54900.0,550.0,1.2927,unknown
0.024204,0.016615,0.004055,0.024204,54900.0,550.0,1.0175,noise
1.449024,0.091671,0.265801,1.449024,54900.0,550.0,70.0204,earthquake
1.448357,0.104017,0.276664,1.448357,54900.0,550.0,42.0331,earthquake
0.165154,0.048444,0.031447,0.165154,54900.0,550.0,1.3144,unknown
0.024851,0.01701,0.004038,0.024851,54900.0,550.0,0.9939,noise
0.022697,0.014638,0.004081,0.022697,54900.0,550.0,0.9373,noise
0.163542,0.061419,0.032598,0.163542,54900.0,550.0,1.831,unknown
0.026715,0.019353,0.003968,0.026715,54900.0,550.0,0.9744,noise
0.174081,0.072432,0.034762,0.174081,54900.0,550.0,1.6201,unknown
0.202831,0.077718,0.040786,0.202831,54900.0,550.0,1.5549,unknown
0.194765,0.056486,0.036103,0.194765,54900.0,550.0,1.4697,unknown
0.165154,0.064413,0.032491,0.165154,54900.0,550.0,1.6043,unknown
0.01595,0.008616,0.003957,0.01595,54900.0,550.0,1.0268,noise
0.135613,0.060248,0.026787,0.135613,54900.0,550.0,1.813,unknown
0.945917,0.072214,0.178342,0.945917,54900.0,550.0,34.6679,earthquake
0.022138,0.014698,0.004044,0.022138,54900.0,550.0,1.0239,noise
0.182688,0.052765,0.032628,0.182688,54900.0,550.0,1.5486,unknown
0.190103,0.07263,0.040705,0.190103,54900.0,550.0,1.773,unknown
0.01942,0.012169,0.004124,0.01942,54900.0,550.0,1.0127,noise
1.826592,0.108136,0.338576,1.826592,54900.0,550.0,126.3075,earthquake
1.693439,0.110026,0.314876,1.693439,54900.0,550.0,57.8988,earthquake
0.01542,0.008386,0.004031,0.01542,54900.0,550.0,0.9605,noise
1.568168,0.101891,0.303082,1.568168,54900.0,550.0,84.6883,earthquake
0.890683,0.073622,0.176534,0.890683,54900.0,550.0,31.1333,earthquake
0.156174,0.062506,0.030453,0.156174,54900.0,550.0,1.9512,unknown
0.947622,0.072392,0.196344,0.947622,54900.0,550.0,55.2122,earthquake
0.023838,0.016324,0.004013,0.023838,54900.0,550.0,1.0175,noise
0.017725,0.010224,0.004068,0.017725,54900.0,550.0,1.0102,noise
0.018917,0.011448,0.004091,0.018917,54900.0,550.0,1.0315,noise
1.714771,0.105825,0.307036,1.714771,54900.0,550.0,63.8932,earthquake
0.150116,0.055918,0.028777,0.150116,54900.0,550.0,2.0208,unknown
0.499286,0.047609,0.115493,0.499286,54900.0,550.0,36.1005,earthquake
0.148844,0.055208,0.029716,0.148844,54900.0,550.0,1.3385,unknown
0.020752,0.013178,0.004073,0.020752,54900.0,550.0,0.9698,noise
0.146635,0.042172,0.024681,0.146635,54900.0,550.0,2.4759,unknown
0.02203,0.014812,0.004055,0.02203,54900.0,550.0,0.9815,noise
0.154275,0.055839,0.030163,0.154275,54900.0,550.0,2.1557,unknown
1.306753,0.086043,0.248431,1.306753,54900.0,550.0,72.9032,earthquake
0.136034,0.05235,0.028836,0.136034,54900.0,550.0,1.7857,unknown
0.134768,0.058233,0.024499,0.134768,54900.0,550.0,1.5058,unknown
1.164604,0.080047,0.23251,1.164604,54900.0,550.0,73.9456,earthquake
0.182131,0.064716,0.037076,0.182131,54900.0,550.0,1.2915,unknown
0.148642,0.060689,0.029095,0.148642,54900.0,550.0,1.96,unknown
0.026661,0.018444,0.004025,0.026661,54900.0,550.0,1.0001,noise
0.026595,0.01806,0.004151,0.026595,54900.0,550.0,0.9991,noise
0.90278,0.076327,0.181312,0.90278,54900.0,550.0,30.1112,earthquake
0.186321,0.070999,0.034948,0.186321,54900.0,550.0,1.6607,unknown
1.095727,0.074834,0.219332,1.095727,54900.0,550.0,85.3237,earthquake
0.027588,0.019926,0.004029,0.027588,54900.0,550.0,0.9624,noise
0.610368,0.051431,0.135028,0.610368,54900.0,550.0,49.9206,earthquake
0.141296,0.052621,0.026286,0.141296,54900.0,550.0,1.5135,unknown
0.210457,0.070576,0.041068,0.210457,54900.0,550.0,1.379,unknown
0.026452,0.018789,0.003998,0.026452,54900.0,550.0,1.0003,noise
0.193812,0.065214,0.039686,0.193812,54900.0,550.0,1.8573,unknown
0.016534,0.008858,0.004027,0.016534,54900.0,550.0,0.8304,noise
1.743027,0.114097,0.320593,1.743027,54900.0,550.0,52.0436,earthquake
0.174019,0.069762,0.035078,0.174019,54900.0,550.0,1.8831,unknown
0.016864,0.008402,0.0041,0.016864,54900.0,550.0,0.9869,noise
0.022955,0.015429,0.004196,0.022955,54900.0,550.0,1.0237,noise
1.448144,0.104585,0.278817,1.448144,54900.0,550.0,43.2929,earthquake
0.120399,0.039353,0.022764,0.120399,54900.0,550.0,2.1086,unknown
0.163077,0.058397,0.03544,0.163077,54900.0,550.0,1.6588,unknown
1.436497,0.091648,0.276171,1.436497,54900.0,550.0,96.1741,earthquake
1.376087,0.094481,0.256863,1.376087,54900.0,550.0,47.6497,earthquake
0.142183,0.056612,0.030006,0.142183,54900.0,550.0,1.5551,unknown
0.022385,0.014643,0.004051,0.022385,54900.0,550.0,1.0032,noise
1.37445,0.095361,0.250427,1.37445,54900.0,550.0,40.5913,earthquake
0.021393,0.013848,0.004193,0.021393,54900.0,550.0,1.0303,noise
0.775229,0.061498,0.153352,0.775229,54900.0,550.0,38.1405,earthquake
1.342025,0.09441,0.258553,1.342025,54900.0,550.0,50.727,earthquake
0.185867,0.052877,0.034506,0.185867,54900.0,550.0,1.2984,unknown
1.76529,0.111854,0.338397,1.76529,54900.0,550.0,87.2669,earthquake
0.151431,0.066015,0.031657,0.151431,54900.0,550.0,1.4688,unknown
1.196719,0.083804,0.230052,1.196719,54900.0,550.0,52.1866,earthquake
0.165308,0.066088,0.034096,0.165308,54900.0,550.0,1.5823,unknown
0.921776,0.073373,0.191411,0.921776,54900.0,550.0,44.3265,earthquake
0.018454,0.010975,0.004158,0.018454,54900.0,550.0,1.0363,noise
0.14293,0.047056,0.029678,0.14293,54900.0,550.0,2.0707,unknown
1.354509,0.090582,0.257364,1.354509,54900.0,550.0,63.2831,earthquake
0.144698,0.057211,0.028078,0.144698,54900.0,550.0,1.4379,unknown
1.705057,0.110424,0.318799,1.705057,54900.0,550.0,63.5094,earthquake
0.023941,0.015366,0.003948,0.023941,54900.0,550.0,1.0437,noise
1.178749,0.084894,0.227573,1.178749,54900.0,550.0,45.6424,earthquake
0.027237,0.019441,0.004095,0.027237,54900.0,550.0,0.973,noise
1.186198,0.077492,0.227762,1.186198,54900.0,550.0,84.4317,earthquake
0.690437,0.066761,0.149566,0.690437,54900.0,550.0,25.9088,earthquake
0.180949,0.064581,0.033497,0.180949,54900.0,550.0,1.6754,unknown
0.680888,0.059123,0.146051,0.680888,54900.0,550.0,36.868,earthquake
1.768986,0.114974,0.324968,1.768986,54900.0,550.0,53.7038,earthquake
0.127031,0.038473,0.021631,0.127031,54900.0,550.0,2.4509,unknown
0.51022,0.050328,0.114015,0.51022,54900.0,550.0,28.0133,earthquake
0.121793,0.050796,0.02288,0.121793,54900.0,550.0,1.7586,unknown
0.015968,0.008772,0.004102,0.015968,54900.0,550.0,1.0191,noise
1.657009,0.106075,0.303551,1.657009,54900.0,550.0,58.5203,earthquake
1.45168,0.097451,0.272359,1.45168,54900.0,550.0,56.338,earthquake
0.146413,0.057929,0.025528,0.146413,54900.0,550.0,1.6245,unknown
0.02583,0.017823,0.004085,0.02583,54900.0,550.0,1.0001,noise
0.016412,0.008767,0.003994,0.016412,54900.0,550.0,0.8201,noise
0.975189,0.078721,0.189749,0.975189,54900.0,550.0,31.1864,earthquake
0.020896,0.013141,0.004049,0.020896,54900.0,550.0,1.0288,noise
0.017286,0.009668,0.00401,0.017286,54900.0,550.0,1.0616,noise
0.016361,0.008965,0.00396,0.016361,54900.0,550.0,1.0055,noise
0.019943,0.012877,0.004018,0.019943,54900.0,550.0,1.0206,noise
0.017544,0.010364,0.004028,0.017544,54900.0,550.0,1.0987,noise
0.019747,0.012048,0.004072,0.019747,54900.0,550.0,1.0585,noise
0.155316,0.048967,0.031595,0.155316,54900.0,550.0,1.6642,unknown
0.139881,0.058586,0.025083,0.139881,54900.0,550.0,1.4619,unknown
1.792066,0.118575,0.338668,1.792066,54900.0,550.0,60.3956,earthquake
0.16051,0.068876,0.032297,0.16051,54900.0,550.0,1.3497,unknown
0.124019,0.043601,0.022543,0.124019,54900.0,550.0,1.664,unknown
0.02737,0.018949,0.004098,0.02737,54900.0,550.0,1.0203,noise
0.9992,0.077267,0.204443,0.9992,54900.0,550.0,44.8229,earthquake
0.168795,0.061473,0.032612,0.168795,54900.0,550.0,1.4807,unknown
1.575597,0.103008,0.29405,1.575597,54900.0,550.0,59.7669,earthquake
1.072616,0.079926,0.210687,1.072616,54900.0,550.0,44.3432,earthquake
0.14996,0.049539,0.028994,0.14996,54900.0,550.0,1.7341,unknown
0.026613,0.019019,0.004087,0.026613,54900.0,550.0,0.9886,noise
0.154184,0.05229,0.030308,0.154184,54900.0,550.0,1.6199,unknown
1.680769,0.109964,0.31162,1.680769,54900.0,550.0,58.1274,earthquake
0.154263,0.056377,0.029034,0.154263,54900.0,550.0,1.5789,unknown
0.129296,0.048538,0.025479,0.129296,54900.0,550.0,2.0327,unknown
0.020568,0.012293,0.004082,0.020568,54900.0,550.0,0.9571,noise
0.183618,0.072741,0.036979,0.183618,54900.0,550.0,1.7725,unknown
1.507653,0.098123,0.289279,1.507653,54900.0,550.0,78.0368,earthquake
0.136062,0.046782,0.028955,0.136062,54900.0,550.0,2.278,unknown
0.020579,0.012839,0.003958,0.020579,54900.0,550.0,0.9924,noise
0.02625,0.018856,0.0042,0.02625,54900.0,550.0,1.0229,noise
0.015337,0.007827,0.004042,0.015337,54900.0,550.0,1.0011,noise
1.10879,0.083558,0.228482,1.10879,54900.0,550.0,53.1185,earthquake
0.020507,0.013207,0.003931,0.020507,54900.0,550.0,0.9952,noise
1.798709,0.118435,0.331363,1.798709,54900.0,550.0,49.634,earthquake
0.188024,0.057682,0.038234,0.188024,54900.0,550.0,1.8865,unknown
1.699458,0.104123,0.314819,1.699458,54900.0,550.0,93.6113,earthquake
0.162742,0.056899,0.030636,0.162742,54900.0,550.0,1.6719,unknown
1.476935,0.099442,0.279153,1.476935,54900.0,550.0,53.8337,earthquake
0.463042,0.053892,0.109653,0.463042,54900.0,550.0,20.394,earthquake
0.140792,0.04527,0.029669,0.140792,54900.0,550.0,2.3837,unknown
0.879176,0.065718,0.185724,0.879176,54900.0,550.0,70.7553,earthquake
0.194455,0.055094,0.035387,0.194455,54900.0,550.0,1.2894,unknown
0.163369,0.045621,0.031655,0.163369,54900.0,550.0,1.6676,unknown
0.027408,0.019699,0.004073,0.027408,54900.0,550.0,1.0338,noise
0.020205,0.012555,0.003944,0.020205,54900.0,550.0,1.0139,noise
0.156381,0.069235,0.027647,0.156381,54900.0,550.0,1.6001,unknown
0.026172,0.018787,0.004286,0.026172,54900.0,550.0,0.9995,noise
0.02769,0.019348,0.00395,0.02769,54900.0,550.0,1.0066,noise
0.63853,0.058951,0.138673,0.63853,54900.0,550.0,31.1664,earthquake
0.148641,0.062607,0.028456,0.148641,54900.0,550.0,1.7794,unknown
0.909756,0.067218,0.185256,0.909756,54900.0,550.0,60.8028,earthquake
0.017624,0.010299,0.004037,0.017624,54900.0,550.0,1.1007,noise
0.184431,0.056377,0.035215,0.184431,54900.0,550.0,1.6735,unknown
0.175431,0.063569,0.033325,0.175431,54900.0,550.0,1.907,unknown
1.225753,0.082431,0.242967,1.225753,54900.0,550.0,89.3648,earthquake
0.021635,0.013687,0.004019,0.021635,54900.0,550.0,0.9109,noise
0.025077,0.017348,0.004013,0.025077,54900.0,550.0,0.9785,noise
0.629332,0.062699,0.13505,0.629332,54900.0,550.0,23.2662,earthquake
1.729481,0.104628,0.318538,1.729481,54900.0,550.0,98.7064,earthquake
0.19813,0.065603,0.038821,0.19813,54900.0,550.0,1.3852,unknown
0.175244,0.0483,0.03517,0.175244,54900.0,550.0,1.5827,unknown
0.196925,0.056159,0.039348,0.196925,54900.0,550.0,1.8259,unknown
0.698126,0.065822,0.150942,0.698126,54900.0,550.0,27.8957,earthquake
1.066772,0.071627,0.207112,1.066772,54900.0,550.0,79.4992,earthquake
0.16984,0.063915,0.031506,0.16984,54900.0,550.0,1.9557,unknown
0.169773,0.072588,0.031459,0.169773,54900.0,550.0,1.8369,unknown
0.019659,0.011965,0.004101,0.019659,54900.0,550.0,0.9308,noise
0.625853,0.051265,0.131377,0.625853,54900.0,550.0,44.8554,earthquake
0.027147,0.0198,0.003997,0.027147,54900.0,550.0,1.0139,noise
0.166484,0.065649,0.028789,0.166484,54900.0,550.0,1.3926,unknown
0.140743,0.057584,0.025993,0.140743,54900.0,550.0,1.722,unknown
0.17522,0.054208,0.034084,0.17522,54900.0,550.0,1.4191,unknown
0.183618,0.064707,0.032614,0.183618,54900.0,550.0,1.3561,unknown
0.019793,0.012344,0.003969,0.019793,54900.0,550.0,0.9637,noise
1.166854,0.084526,0.221753,1.166854,54900.0,550.0,42.3769,earthquake
0.161893,0.065718,0.030441,0.161893,54900.0,550.0,1.5739,unknown
0.774254,0.069156,0.160967,0.774254,54900.0,550.0,28.8212,earthquake
0.015465,0.00763,0.004004,0.015465,54900.0,550.0,1.0069,noise
1.780534,0.110862,0.337739,1.780534,54900.0,550.0,94.5663,earthquake
0.153599,0.048719,0.031609,0.153599,54900.0,550.0,1.6969,unknown
0.025546,0.01778,0.00415,0.025546,54900.0,550.0,0.9899,noise
0.017399,0.009538,0.003973,0.017399,54900.0,550.0,1.07,noise
0.018774,0.010856,0.003997,0.018774,54900.0,550.0,1.0331,noise
0.022157,0.014946,0.003936,0.022157,54900.0,550.0,1.0077,noise
0.180836,0.053593,0.032065,0.180836,54900.0,550.0,1.4121,unknown
0.016105,0.008565,0.0041,0.016105,54900.0,550.0,1.1271,noise
0.024215,0.016361,0.004214,0.024215,54900.0,550.0,1.0394,noise
0.965321,0.071099,0.189818,0.965321,54900.0,550.0,50.2318,earthquake
0.149788,0.049452,0.027976,0.149788,54900.0,550.0,1.4884,unknown
0.186633,0.065279,0.035668,0.186633,54900.0,550.0,1.6336,unknown
0.151394,0.047763,0.028105,0.151394,54900.0,550.0,2.2988,unknown
0.020411,0.012921,0.004117,0.020411,54900.0,550.0,0.9535,noise
1.412866,0.09488,0.274776,1.412866,54900.0,550.0,70.2237,earthquake
0.026307,0.018021,0.004113,0.026307,54900.0,550.0,1.0111,noise
0.710074,0.057055,0.151102,0.710074,54900.0,550.0,51.8195,earthquake
0.021948,0.014125,0.004046,0.021948,54900.0,550.0,0.9922,noise
1.608079,0.109312,0.304051,1.608079,54900.0,550.0,53.4551,earthquake
1.578897,0.105238,0.301402,1.578897,54900.0,550.0,61.9578,earthquake
0.838415,0.061183,0.168066,0.838415,54900.0,550.0,60.687,earthquake
0.018943,0.0107,0.004082,0.018943,54900.0,550.0,1.051,noise
0.126249,0.041924,0.02056,0.126249,54900.0,550.0,1.5585,unknown
0.850467,0.07314,0.175485,0.850467,54900.0,550.0,31.1375,earthquake
1.334225,0.087418,0.245697,1.334225,54900.0,550.0,60.1537,earthquake
0.022963,0.015492,0.004059,0.022963,54900.0,550.0,1.0351,noise
0.115642,0.050383,0.023412,0.115642,54900.0,550.0,1.6281,unknown
0.158787,0.062785,0.031384,0.158787,54900.0,550.0,2.0391,unknown
0.165218,0.062463,0.033077,0.165218,54900.0,550.0,1.8312,unknown
0.59618,0.049427,0.131797,0.59618,54900.0,550.0,55.3003,earthquake
0.613193,0.053063,0.133311,0.613193,54900.0,550.0,40.8095,earthquake
0.183907,0.054406,0.035663,0.183907,54900.0,550.0,1.9557,unknown
0.023971,0.016334,0.004168,0.023971,54900.0,550.0,1.0163,noise
0.026436,0.018643,0.00405,0.026436,54900.0,550.0,1.0886,noise
0.020513,0.01299,0.003963,0.020513,54900.0,550.0,1.0383,noise
1.255671,0.077083,0.219022,1.255671,54900.0,550.0,66.8573,earthquake
0.01993,0.012324,0.004228,0.01993,54900.0,550.0,0.9399,noise
0.154076,0.04683,0.02804,0.154076,54900.0,550.0,2.1568,unknown
0.018702,0.011623,0.003938,0.018702,54900.0,550.0,1.0006,noise
1.062137,0.081288,0.214619,1.062137,54900.0,550.0,44.0286,earthquake
0.015584,0.008064,0.003953,0.015584,54900.0,550.0,1.1303,noise
0.784326,0.063154,0.155997,0.784326,54900.0,550.0,36.4095,earthquake
1.745868,0.108929,0.331747,1.745868,54900.0,550.0,92.4309,earthquake
0.151142,0.046755,0.026589,0.151142,54900.0,550.0,2.049,unknown
0.196585,0.067316,0.035847,0.196585,54900.0,550.0,1.3337,unknown
0.1909,0.059976,0.035382,0.1909,54900.0,550.0,1.4145,unknown
0.024557,0.01682,0.004025,0.024557,54900.0,550.0,0.9625,noise
0.116459,0.038719,0.021842,0.116459,54900.0,550.0,1.624,unknown
0.154476,0.061564,0.030313,0.154476,54900.0,550.0,1.4262,unknown
0.556263,0.057885,0.120126,0.556263,54900.0,550.0,21.3945,earthquake
0.170705,0.057709,0.031805,0.170705,54900.0,550.0,1.3565,unknown
0.174651,0.054469,0.034623,0.174651,54900.0,550.0,1.7467,unknown
1.018116,0.07955,0.20449,1.018116,54900.0,550.0,40.0544,earthquake
1.867979,0.104904,0.318069,1.867979,54900.0,550.0,90.0371,earthquake
0.137597,0.045898,0.029343,0.137597,54900.0,550.0,1.94,unknown
0.16863,0.070366,0.028984,0.16863,54900.0,550.0,1.3713,unknown
0.156828,0.057689,0.029818,0.156828,54900.0,550.0,1.8704,unknown
0.158121,0.06512,0.032641,0.158121,54900.0,550.0,1.6412,unknown
0.177483,0.056379,0.037594,0.177483,54900.0,550.0,2.0966,unknown
0.016683,0.00907,0.003995,0.016683,54900.0,550.0,0.985,noise
0.022174,0.014773,0.004088,0.022174,54900.0,550.0,1.0163,noise
1.698106,0.105677,0.317491,1.698106,54900.0,550.0,84.984,earthquake
0.167832,0.057212,0.032873,0.167832,54900.0,550.0,1.5425,unknown
0.124244,0.044752,0.025745,0.124244,54900.0,550.0,1.6548,unknown
1.295088,0.081451,0.242994,1.295088,54900.0,550.0,96.2149,earthquake
0.174764,0.060324,0.035418,0.174764,54900.0,550.0,2.1314,unknown
0.021804,0.014224,0.003942,0.021804,54900.0,550.0,1.0093,noise
0.017166,0.009564,0.003991,0.017166,54900.0,550.0,0.9554,noise
0.941093,0.06659,0.182017,0.941093,54900.0,550.0,56.17,earthquake
0.479512,0.049015,0.110732,0.479512,54900.0,550.0,27.7956,earthquake
0.176206,0.05034,0.033939,0.176206,54900.0,550.0,1.4746,unknown
1.693755,0.098785,0.306467,1.693755,54900.0,550.0,115.2606,earthquake
0.159774,0.044319,0.031142,0.159774,54900.0,550.0,1.3439,unknown
0.024467,0.016757,0.004044,0.024467,54900.0,550.0,1.0361,noise
0.158524,0.047664,0.029252,0.158524,54900.0,550.0,2.004,unknown
0.016144,0.00849,0.004189,0.016144,54900.0,550.0,1.0773,noise
0.023769,0.016482,0.004142,0.023769,54900.0,550.0,1.0477,noise
0.142982,0.060531,0.026954,0.142982,54900.0,550.0,1.7434,unknown
0.017108,0.009823,0.003978,0.017108,54900.0,550.0,1.0368,noise
1.099891,0.079732,0.209533,1.099891,54900.0,550.0,44.3485,earthquake
0.76158,0.060884,0.160594,0.76158,54900.0,550.0,49.1336,earthquake
1.101778,0.079175,0.217316,1.101778,54900.0,550.0,53.4463,earthquake
0.147019,0.050535,0.027812,0.147019,54900.0,550.0,1.7821,unknown
1.188233,0.081798,0.233815,1.188233,54900.0,550.0,69.3886,earthquake
1.094685,0.077708,0.204048,1.094685,54900.0,550.0,43.8303,earthquake
0.160841,0.06325,0.032924,0.160841,54900.0,550.0,1.9843,unknown
0.210982,0.071361,0.035124,0.210982,54900.0,550.0,1.1587,unknown
1.380997,0.088386,0.268302,1.380997,54900.0,550.0,104.5062,earthquake
0.140315,0.048895,0.0253,0.140315,54900.0,550.0,1.7736,unknown
0.02033,0.012418,0.003955,0.02033,54900.0,550.0,0.9542,noise
0.164006,0.058948,0.030256,0.164006,54900.0,550.0,1.5564,unknown
0.150548,0.049063,0.031693,0.150548,54900.0,550.0,2.0337,unknown
0.019242,0.011539,0.004031,0.019242,54900.0,550.0,1.0072,noise
1.810832,0.113285,0.330066,1.810832,54900.0,550.0,67.4597,earthquake
1.404337,0.091827,0.269524,1.404337,54900.0,550.0,82.7468,earthquake
0.782687,0.070892,0.159626,0.782687,54900.0,550.0,25.861,earthquake
0.017307,0.009859,0.003995,0.017307,54900.0,550.0,1.0671,noise
0.188194,0.060705,0.033539,0.188194,54900.0,550.0,1.7585,unknown
0.015956,0.008774,0.003875,0.015956,54900.0,550.0,1.0285,noise
0.020543,0.012766,0.004084,0.020543,54900.0,550.0,0.9519,noise
0.019984,0.012696,0.004025,0.019984,54900.0,550.0,0.9831,noise
1.22359,0.088723,0.236319,1.22359,54900.0,550.0,44.8417,earthquake
1.84853,0.112206,0.335409,1.84853,54900.0,550.0,75.9708,earthquake
0.018197,0.010823,0.003932,0.018197,54900.0,550.0,1.0541,noise
0.488168,0.056254,0.115742,0.488168,54900.0,550.0,21.1405,earthquake
0.0214,0.014132,0.004138,0.0214,54900.0,550.0,1.0069,noise
0.156966,0.052254,0.032264,0.156966,54900.0,550.0,2.1604,unknown
0.027165,0.019683,0.004079,0.027165,54900.0,550.0,0.9692,noise
1.767829,0.106809,0.333742,1.767829,54900.0,550.0,122.2205,earthquake
1.046009,0.078867,0.206858,1.046009,54900.0,550.0,43.6305,earthquake
0.728636,0.057658,0.152788,0.728636,54900.0,550.0,50.9139,earthquake
0.15299,0.055902,0.02987,0.15299,54900.0,550.0,1.6813,unknown
0.019189,0.011689,0.004126,0.019189,54900.0,550.0,1.0436,noise
0.161584,0.069161,0.025905,0.161584,54900.0,550.0,1.7222,unknown
1.925174,0.119428,0.341391,1.925174,54900.0,550.0,60.5988,earthquake
0.023578,0.015502,0.004311,0.023578,54900.0,550.0,1.0191,noise
1.636438,0.10388,0.305847,1.636438,54900.0,550.0,73.3453,earthquake
0.181039,0.053038,0.036201,0.181039,54900.0,550.0,1.6892,unknown
0.142348,0.047675,0.028145,0.142348,54900.0,550.0,1.6919,unknown
0.157773,0.054634,0.030415,0.157773,54900.0,550.0,1.368,unknown
0.028212,0.019773,0.004142,0.028212,54900.0,550.0,0.95,noise
1.032459,0.076735,0.195674,1.032459,54900.0,550.0,38.0688,earthquake
0.138112,0.046845,0.025274,0.138112,54900.0,550.0,1.7,unknown
0.021106,0.01305,0.004146,0.021106,54900.0,550.0,1.0418,noise
0.01872,0.011012,0.003996,0.01872,54900.0,550.0,1.0111,noise
0.018268,0.010164,0.00401,0.018268,54900.0,550.0,1.0418,noise
1.462489,0.100746,0.287064,1.462489,54900.0,550.0,61.1014,earthquake
0.83121,0.067299,0.170579,0.83121,54900.0,550.0,39.7921,earthquake
0.159421,0.042679,0.025552,0.159421,54900.0,550.0,2.5093,unknown
0.151903,0.054791,0.031187,0.151903,54900.0,550.0,2.0131,unknown
0.169864,0.06757,0.034252,0.169864,54900.0,550.0,1.7496,unknown
0.020275,0.012344,0.004074,0.020275,54900.0,550.0,1.0504,noise
0.171938,0.068174,0.029725,0.171938,54900.0,550.0,1.4053,unknown
1.053643,0.080075,0.211825,1.053643,54900.0,550.0,44.8389,earthquake
1.683102,0.107092,0.30737,1.683102,54900.0,550.0,61.2152,earthquake
0.025191,0.017309,0.003893,0.025191,54900.0,550.0,1.0387,noise
0.167861,0.048876,0.032217,0.167861,54900.0,550.0,1.7183,unknown
0.022733,0.015107,0.004065,0.022733,54900.0,550.0,1.0843,noise
1.188681,0.084473,0.236385,1.188681,54900.0,550.0,58.3361,earthquake
0.166712,0.065551,0.033399,0.166712,54900.0,550.0,1.9232,unknown
0.018488,0.011194,0.004069,0.018488,54900.0,550.0,1.02,noise
1.899259,0.109318,0.338566,1.899259,54900.0,550.0,112.4467,earthquake
1.183078,0.077891,0.222642,1.183078,54900.0,550.0,68.4098,earthquake
0.127347,0.039061,0.023083,0.127347,54900.0,550.0,2.6577,unknown
0.021072,0.013072,0.004066,0.021072,54900.0,550.0,0.9666,noise
0.178238,0.053426,0.034663,0.178238,54900.0,550.0,1.884,unknown
0.131528,0.051554,0.027042,0.131528,54900.0,550.0,1.6315,unknown
0.18172,0.06574,0.038324,0.18172,54900.0,550.0,1.6537,unknown
0.172266,0.05054,0.0346,0.172266,54900.0,550.0,1.9592,unknown
0.026018,0.017984,0.004127,0.026018,54900.0,550.0,0.9805,noise
0.164847,0.061694,0.033189,0.164847,54900.0,550.0,1.9761,unknown
0.157482,0.052749,0.030921,0.157482,54900.0,550.0,2.1258,unknown
0.025307,0.017413,0.003993,0.025307,54900.0,550.0,0.9655,noise
0.175486,0.063361,0.034001,0.175486,54900.0,550.0,1.8369,unknown
0.933502,0.065735,0.184932,0.933502,54900.0,550.0,67.3874,earthquake
0.195087,0.062349,0.040425,0.195087,54900.0,550.0,1.6019,unknown
0.022509,0.014901,0.004044,0.022509,54900.0,550.0,1.0506,noise
0.160473,0.05122,0.031641,0.160473,54900.0,550.0,1.9095,unknown
0.01939,0.012522,0.004109,0.01939,54900.0,550.0,0.9556,noise
0.024576,0.016743,0.003957,0.024576,54900.0,550.0,1.0411,noise
0.153128,0.061141,0.029035,0.153128,54900.0,550.0,1.863,unknown
1.470149,0.09168,0.276988,1.470149,54900.0,550.0,99.9281,earthquake
1.259611,0.08815,0.234744,1.259611,54900.0,550.0,44.3361,earthquake
0.927127,0.07094,0.193076,0.927127,54900.0,550.0,54.1079,earthquake
0.018968,0.011126,0.00403,0.018968,54900.0,550.0,0.9133,noise
1.536954,0.104082,0.286878,1.536954,54900.0,550.0,49.3675,earthquake
0.1671,0.057559,0.031949,0.1671,54900.0,550.0,1.851,unknown
0.167056,0.048708,0.03215,0.167056,54900.0,550.0,2.0746,unknown
1.257327,0.085525,0.22409,1.257327,54900.0,550.0,41.7956,earthquake
0.158416,0.050373,0.031661,0.158416,54900.0,550.0,2.2039,unknown
0.179228,0.058218,0.034787,0.179228,54900.0,550.0,2.0419,unknown
1.649557,0.107993,0.311705,1.649557,54900.0,550.0,65.1256,earthquake
0.024656,0.016279,0.004023,0.024656,54900.0,550.0,0.996,noise
0.794271,0.071364,0.159982,0.794271,54900.0,550.0,25.7226,earthquake
0.021542,0.01433,0.003998,0.021542,54900.0,550.0,1.0122,noise
1.822258,0.112434,0.340669,1.822258,54900.0,550.0,90.693,earthquake
1.096262,0.079167,0.21216,1.096262,54900.0,550.0,47.65,earthquake
0.199756,0.075354,0.040217,0.199756,54900.0,550.0,1.4051,unknown
0.019492,0.011976,0.004076,0.019492,54900.0,550.0,1.0511,noise
0.016112,0.009186,0.004165,0.016112,54900.0,550.0,0.896,noise
0.017955,0.010177,0.003993,0.017955,54900.0,550.0,1.0548,noise
1.010103,0.077392,0.204152,1.010103,54900.0,550.0,45.9184,earthquake
0.027246,0.019658,0.004101,0.027246,54900.0,550.0,0.9249,noise
0.023884,0.015876,0.004067,0.023884,54900.0,550.0,0.9873,noise
0.164559,0.056368,0.029252,0.164559,54900.0,550.0,1.604,unknown
1.48746,0.094253,0.280006,1.48746,54900.0,550.0,82.3421,earthquake
0.679762,0.053048,0.144805,0.679762,54900.0,550.0,62.0508,earthquake
0.021951,0.014984,0.004042,0.021951,54900.0,550.0,0.9094,noise
0.16759,0.063704,0.030073,0.16759,54900.0,550.0,1.3576,unknown
0.78174,0.065685,0.166878,0.78174,54900.0,550.0,40.8865,earthquake
1.609014,0.110597,0.316556,1.609014,54900.0,550.0,62.4898,earthquake
1.51581,0.105496,0.287341,1.51581,54900.0,550.0,46.3467,earthquake
0.022044,0.014197,0.003958,0.022044,54900.0,550.0,0.999,noise
0.020204,0.012849,0.004007,0.020204,54900.0,550.0,0.9739,noise
0.833608,0.071238,0.175807,0.833608,54900.0,550.0,35.1765,earthquake
0.02342,0.015764,0.004132,0.02342,54900.0,550.0,0.9261,noise
0.132659,0.04255,0.024458,0.132659,54900.0,550.0,1.5169,unknown
0.01603,0.008365,0.003905,0.01603,54900.0,550.0,1.1516,noise
0.025091,0.016829,0.004063,0.025091,54900.0,550.0,1.0233,noise
1.310514,0.083961,0.243558,1.310514,54900.0,550.0,75.1867,earthquake
0.023206,0.01539,0.004043,0.023206,54900.0,550.0,0.9604,noise
0.016968,0.00911,0.00399,0.016968,54900.0,550.0,0.9516,noise
0.140104,0.053826,0.023923,0.140104,54900.0,550.0,1.353,unknown
0.017269,0.010013,0.004022,0.017269,54900.0,550.0,1.0137,noise
0.829544,0.071326,0.170145,0.829544,54900.0,550.0,30.9732,earthquake
0.201053,0.072839,0.036971,0.201053,54900.0,550.0,1.641,unknown
0.024203,0.01647,0.004039,0.024203,54900.0,550.0,1.0533,noise
0.17459,0.059726,0.033563,0.17459,54900.0,550.0,1.6873,unknown
0.161095,0.054792,0.030077,0.161095,54900.0,550.0,1.201,unknown
0.813384,0.064504,0.166586,0.813384,54900.0,550.0,42.9019,earthquake
0.017688,0.010006,0.003954,0.017688,54900.0,550.0,0.9219,noise
0.021587,0.013852,0.004115,0.021587,54900.0,550.0,1.0769,noise
0.176311,0.056097,0.032052,0.176311,54900.0,550.0,1.3346,unknown
1.107654,0.085292,0.210804,1.107654,54900.0,550.0,33.3529,earthquake
0.638603,0.058544,0.128784,0.638603,54900.0,550.0,24.8688,earthquake
0.192663,0.068476,0.035198,0.192663,54900.0,550.0,1.5204,unknown
0.022898,0.015292,0.003945,0.022898,54900.0,550.0,0.9173,noise
1.122068,0.077153,0.222878,1.122068,54900.0,550.0,73.6216,earthquake
0.027198,0.018963,0.004021,0.027198,54900.0,550.0,1.0554,noise
0.017869,0.010261,0.004058,0.017869,54900.0,550.0,0.9279,noise
0.023208,0.015705,0.003948,0.023208,54900.0,550.0,1.0255,noise
0.139672,0.062698,0.022641,0.139672,54900.0,550.0,1.6856,unknown
0.545828,0.057976,0.128144,0.545828,54900.0,550.0,25.6026,earthquake
1.713259,0.105656,0.298551,1.713259,54900.0,550.0,55.2692,earthquake
1.064406,0.073432,0.203274,1.064406,54900.0,550.0,56.8928,earthquake
1.402806,0.089981,0.266632,1.402806,54900.0,550.0,79.9534,earthquake
1.60455,0.095662,0.292058,1.60455,54900.0,550.0,102.0655,earthquake
1.550948,0.099774,0.298704,1.550948,54900.0,550.0,84.4922,earthquake
0.940614,0.065382,0.182466,0.940614,54900.0,550.0,66.2199,earthquake
0.020254,0.01254,0.003929,0.020254,54900.0,550.0,0.9763,noise
0.924733,0.070908,0.191765,0.924733,54900.0,550.0,52.9406,earthquake
0.135301,0.045119,0.026394,0.135301,54900.0,550.0,1.671,unknown
0.68699,0.064402,0.145103,0.68699,54900.0,550.0,26.7234,earthquake
0.026057,0.017962,0.003954,0.026057,54900.0,550.0,1.0037,noise
0.123578,0.038027,0.020043,0.123578,54900.0,550.0,1.7963,unknown
0.172911,0.056981,0.033565,0.172911,54900.0,550.0,1.6469,unknown
0.020487,0.013455,0.004059,0.020487,54900.0,550.0,1.026,noise
0.021301,0.013007,0.004167,0.021301,54900.0,550.0,0.9436,noise
0.955212,0.077807,0.184076,0.955212,54900.0,550.0,29.6362,earthquake
0.906439,0.070469,0.196201,0.906439,54900.0,550.0,64.9854,earthquake
1.472489,0.094164,0.287238,1.472489,54900.0,550.0,104.9478,earthquake
0.026009,0.018585,0.003978,0.026009,54900.0,550.0,0.9596,noise
0.02328,0.015509,0.004022,0.02328,54900.0,550.0,0.9603,noise
