event_id,magnitude,avg_magnitude,std_magnitude,peak_acceleration,duration_ms,sample_count,sta_lta_ratio,label
1,0.133849,0.042064,0.025627,0.133849,54900.0,550.0,1.5179,unknown
2,0.188144,0.06472,0.037686,0.188144,54900.0,550.0,1.6946,unknown
3,0.17799,0.060623,0.034926,0.17799,54900.0,550.0,1.442,unknown
4,0.172018,0.062323,0.034986,0.172018,54900.0,550.0,2.0289,unknown
5,0.1774,0.067333,0.033951,0.1774,54900.0,550.0,1.4812,unknown
6,0.177421,0.055647,0.0357,0.177421,54900.0,550.0,1.7578,unknown
7,0.196136,0.073842,0.039839,0.196136,54900.0,550.0,2.1187,unknown
8,0.137597,0.045898,0.029343,0.137597,54900.0,550.0,1.94,unknown
9,0.116459,0.038719,0.021842,0.116459,54900.0,550.0,1.624,unknown
10,0.194455,0.055094,0.035387,0.194455,54900.0,550.0,1.2894,unknown
11,0.155298,0.054006,0.029234,0.155298,54900.0,550.0,1.3629,unknown
12,0.194804,0.073932,0.039237,0.194804,54900.0,550.0,1.6887,unknown
13,0.168888,0.063198,0.029244,0.168888,54900.0,550.0,1.3811,unknown
14,0.192663,0.068476,0.035198,0.192663,54900.0,550.0,1.5204,unknown
15,0.153549,0.053291,0.031336,0.153549,54900.0,550.0,1.8897,unknown
16,0.154769,0.055405,0.030611,0.154769,54900.0,550.0,1.8075,unknown
17,0.130282,0.048391,0.025839,0.130282,54900.0,550.0,1.795,unknown
18,0.163436,0.070915,0.033847,0.163436,54900.0,550.0,1.6694,unknown
19,0.183907,0.054406,0.035663,0.183907,54900.0,550.0,1.9557,unknown
20,0.150116,0.055918,0.028777,0.150116,54900.0,550.0,2.0208,unknown
21,0.171007,0.058321,0.034645,0.171007,54900.0,550.0,1.5402,unknown
22,0.184752,0.051444,0.032506,0.184752,54900.0,550.0,1.3318,unknown
23,0.188194,0.060705,0.033539,0.188194,54900.0,550.0,1.7585,unknown
24,0.154275,0.055839,0.030163,0.154275,54900.0,550.0,2.1557,unknown
25,0.161915,0.053117,0.031593,0.161915,54900.0,550.0,1.8451,unknown
26,0.164559,0.056368,0.029252,0.164559,54900.0,550.0,1.604,unknown
27,0.121794,0.04177,0.025564,0.121794,54900.0,550.0,1.9626,unknown
28,0.167188,0.057103,0.033517,0.167188,54900.0,550.0,2.0346,unknown
29,0.164006,0.058948,0.030256,0.164006,54900.0,550.0,1.5564,unknown
30,0.1331,0.052134,0.026055,0.1331,54900.0,550.0,1.8214,unknown
31,0.154537,0.05609,0.032527,0.154537,54900.0,550.0,2.1128,unknown
32,0.132299,0.040488,0.025426,0.132299,54900.0,550.0,1.5035,unknown
33,0.191798,0.058656,0.033292,0.191798,54900.0,550.0,1.544,unknown
34,0.163489,0.056906,0.031229,0.163489,54900.0,550.0,2.0884,unknown
35,0.199756,0.075354,0.040217,0.199756,54900.0,550.0,1.4051,unknown
36,0.134834,0.048264,0.026233,0.134834,54900.0,550.0,1.4556,unknown
37,0.163361,0.069362,0.02666,0.163361,54900.0,550.0,1.5156,unknown
38,0.174764,0.060324,0.035418,0.174764,54900.0,550.0,2.1314,unknown
39,0.175892,0.061234,0.032544,0.175892,54900.0,550.0,2.0445,unknown
40,0.161095,0.054792,0.030077,0.161095,54900.0,550.0,1.201,unknown
41,0.194422,0.056655,0.036983,0.194422,54900.0,550.0,1.7316,unknown
42,0.129296,0.048538,0.025479,0.129296,54900.0,550.0,2.0327,unknown
43,0.158524,0.047664,0.029252,0.158524,54900.0,550.0,2.004,unknown
44,0.128856,0.044757,0.023395,0.128856,54900.0,550.0,2.0078,unknown
45,0.147885,0.04357,0.027356,0.147885,54900.0,550.0,1.9208,unknown
46,0.125755,0.043736,0.023055,0.125755,54900.0,550.0,1.5017,unknown
47,0.16984,0.063915,0.031506,0.16984,54900.0,550.0,1.9557,unknown
48,0.180949,0.064581,0.033497,0.180949,54900.0,550.0,1.6754,unknown
49,0.183618,0.072741,0.036979,0.183618,54900.0,550.0,1.7725,unknown
50,0.150504,0.050903,0.027262,0.150504,54900.0,550.0,1.608,unknown
51,0.130132,0.048229,0.026945,0.130132,54900.0,550.0,1.652,unknown
52,0.175431,0.063569,0.033325,0.175431,54900.0,550.0,1.907,unknown
53,0.154348,0.05046,0.029938,0.154348,54900.0,550.0,2.1806,unknown
54,0.172164,0.063907,0.032519,0.172164,54900.0,550.0,1.5788,unknown
55,0.115455,0.047684,0.0222,0.115455,54900.0,550.0,1.5092,unknown
56,0.14996,0.049539,0.028994,0.14996,54900.0,550.0,1.7341,unknown
57,0.174651,0.054469,0.034623,0.174651,54900.0,550.0,1.7467,unknown
58,0.112201,0.041641,0.019904,0.112201,54900.0,550.0,1.6034,unknown
59,0.140104,0.053826,0.023923,0.140104,54900.0,550.0,1.353,unknown
60,0.145429,0.051872,0.026255,0.145429,54900.0,550.0,1.9692,unknown
61,0.148963,0.0599,0.02831,0.148963,54900.0,550.0,1.9235,unknown
62,0.138298,0.053655,0.025795,0.138298,54900.0,550.0,1.3653,unknown
63,0.155582,0.069813,0.028449,0.155582,54900.0,550.0,1.5365,unknown
64,0.161146,0.064393,0.030405,0.161146,54900.0,550.0,1.8752,unknown
65,0.148588,0.061295,0.028777,0.148588,54900.0,550.0,1.8859,unknown
66,0.142183,0.056612,0.030006,0.142183,54900.0,550.0,1.5551,unknown
67,0.134768,0.058233,0.024499,0.134768,54900.0,550.0,1.5058,unknown
68,0.151509,0.049077,0.029233,0.151509,54900.0,550.0,2.1615,unknown
69,0.153058,0.040935,0.028099,0.153058,54900.0,550.0,1.5111,unknown
70,0.173631,0.053932,0.031847,0.173631,54900.0,550.0,1.4664,unknown
71,0.152155,0.061106,0.029192,0.152155,54900.0,550.0,1.6624,unknown
72,0.149797,0.06223,0.031029,0.149797,54900.0,550.0,1.5121,unknown
73,0.169665,0.048093,0.03146,0.169665,54900.0,550.0,1.3297,unknown
74,0.115029,0.039914,0.0215,0.115029,54900.0,550.0,2.2407,unknown
75,0.167813,0.068346,0.029958,0.167813,54900.0,550.0,1.8184,unknown
76,0.164512,0.055602,0.033368,0.164512,54900.0,550.0,1.8655,unknown
77,0.181039,0.053038,0.036201,0.181039,54900.0,550.0,1.6892,unknown
78,0.146986,0.045541,0.030673,0.146986,54900.0,550.0,1.8773,unknown
79,0.173384,0.06621,0.030965,0.173384,54900.0,550.0,1.568,unknown
80,0.141832,0.043114,0.029443,0.141832,54900.0,550.0,2.1888,unknown
81,0.15357,0.047874,0.03405,0.15357,54900.0,550.0,2.065,unknown
82,0.201053,0.072839,0.036971,0.201053,54900.0,550.0,1.641,unknown
83,0.156696,0.058527,0.030484,0.156696,54900.0,550.0,2.0528,unknown
84,0.184587,0.066427,0.034746,0.184587,54900.0,550.0,1.5274,unknown
85,0.135079,0.046757,0.026017,0.135079,54900.0,550.0,1.6062,unknown
86,0.152982,0.054235,0.028243,0.152982,54900.0,550.0,1.7675,unknown
87,0.149354,0.054312,0.028468,0.149354,54900.0,550.0,1.7927,unknown
88,0.124244,0.044752,0.025745,0.124244,54900.0,550.0,1.6548,unknown
89,0.205253,0.066139,0.039693,0.205253,54900.0,550.0,1.675,unknown
90,0.162742,0.056899,0.030636,0.162742,54900.0,550.0,1.6719,unknown
91,0.172163,0.073107,0.034709,0.172163,54900.0,550.0,1.4969,unknown
92,0.161893,0.065718,0.030441,0.161893,54900.0,550.0,1.5739,unknown
93,0.168524,0.055956,0.033926,0.168524,54900.0,550.0,1.7154,unknown
94,0.179228,0.058218,0.034787,0.179228,54900.0,550.0,2.0419,unknown
95,0.158787,0.062785,0.031384,0.158787,54900.0,550.0,2.0391,unknown
96,0.194284,0.066509,0.037602,0.194284,54900.0,550.0,1.7884,unknown
97,0.141201,0.058583,0.027678,0.141201,54900.0,550.0,1.9728,unknown
98,0.169281,0.057197,0.036251,0.169281,54900.0,550.0,2.1657,unknown
99,0.120399,0.039353,0.022764,0.120399,54900.0,550.0,2.1086,unknown
100,0.140792,0.04527,0.029669,0.140792,54900.0,550.0,2.3837,unknown
101,0.16759,0.063704,0.030073,0.16759,54900.0,550.0,1.3576,unknown
102,0.163542,0.061419,0.032598,0.163542,54900.0,550.0,1.831,unknown
103,0.158121,0.06512,0.032641,0.158121,54900.0,550.0,1.6412,unknown
104,0.196321,0.074641,0.040359,0.196321,54900.0,550.0,1.7035,unknown
105,0.158548,0.063814,0.027409,0.158548,54900.0,550.0,1.5798,unknown
106,0.176161,0.070401,0.031483,0.176161,54900.0,550.0,1.4516,unknown
107,0.153927,0.062553,0.029757,0.153927,54900.0,550.0,1.5526,unknown
108,0.212111,0.071208,0.037004,0.212111,54900.0,550.0,1.4755,unknown
109,0.180225,0.067824,0.029335,0.180225,54900.0,550.0,1.9731,unknown
110,0.16466,0.052064,0.033189,0.16466,54900.0,550.0,1.8653,unknown
111,0.145176,0.056592,0.030986,0.145176,54900.0,550.0,2.0184,unknown
112,0.166712,0.065551,0.033399,0.166712,54900.0,550.0,1.9232,unknown
113,0.169307,0.0527,0.033238,0.169307,54900.0,550.0,2.1146,unknown
114,0.174019,0.069762,0.035078,0.174019,54900.0,550.0,1.8831,unknown
115,0.153947,0.065033,0.026509,0.153947,54900.0,550.0,1.6332,unknown
116,0.185652,0.068219,0.038893,0.185652,54900.0,550.0,1.492,unknown
117,0.165438,0.067036,0.030777,0.165438,54900.0,550.0,1.7864,unknown
118,0.196585,0.067316,0.035847,0.196585,54900.0,550.0,1.3337,unknown
119,0.150548,0.049063,0.031693,0.150548,54900.0,550.0,2.0337,unknown
120,0.177493,0.054249,0.036033,0.177493,54900.0,550.0,2.1796,unknown
121,0.135814,0.061638,0.024091,0.135814,54900.0,550.0,1.5309,unknown
122,0.118344,0.048925,0.021264,0.118344,54900.0,550.0,1.6648,unknown
123,0.189742,0.071963,0.038773,0.189742,54900.0,550.0,1.6502,unknown
124,0.144698,0.057211,0.028078,0.144698,54900.0,550.0,1.4379,unknown
125,0.186997,0.057312,0.038014,0.186997,54900.0,550.0,1.6902,unknown
126,0.167117,0.064124,0.030156,0.167117,54900.0,550.0,1.823,unknown
127,0.183146,0.073167,0.034567,0.183146,54900.0,550.0,1.571,unknown
128,0.139881,0.058586,0.025083,0.139881,54900.0,550.0,1.4619,unknown
129,0.16051,0.068876,0.032297,0.16051,54900.0,550.0,1.3497,unknown
130,0.160987,0.069721,0.028307,0.160987,54900.0,550.0,1.5498,unknown
131,0.163962,0.058327,0.033113,0.163962,54900.0,550.0,1.7271,unknown
132,0.181283,0.061656,0.035345,0.181283,54900.0,550.0,1.2927,unknown
133,0.170112,0.057191,0.032347,0.170112,54900.0,550.0,1.3027,unknown
134,0.151394,0.047763,0.028105,0.151394,54900.0,550.0,2.2988,unknown
135,0.15771,0.058767,0.028432,0.15771,54900.0,550.0,1.9412,unknown
136,0.153128,0.061141,0.029035,0.153128,54900.0,550.0,1.863,unknown
137,0.159774,0.044319,0.031142,0.159774,54900.0,550.0,1.3439,unknown
138,0.172911,0.056981,0.033565,0.172911,54900.0,550.0,1.6469,unknown
139,0.164847,0.061694,0.033189,0.164847,54900.0,550.0,1.9761,unknown
140,0.141233,0.054544,0.024832,0.141233,54900.0,550.0,1.7493,unknown
141,0.177414,0.050651,0.035264,0.177414,54900.0,550.0,1.9735,unknown
142,0.154373,0.051919,0.029423,0.154373,54900.0,550.0,1.4686,unknown
143,0.206013,0.072988,0.035752,0.206013,54900.0,550.0,1.4105,unknown
144,0.180757,0.062326,0.035405,0.180757,54900.0,550.0,1.6463,unknown
145,0.15697,0.046688,0.02892,0.15697,54900.0,550.0,2.3404,unknown
146,0.124179,0.042183,0.022718,0.124179,54900.0,550.0,1.6149,unknown
147,0.138112,0.046845,0.025274,0.138112,54900.0,550.0,1.7,unknown
148,0.175486,0.063361,0.034001,0.175486,54900.0,550.0,1.8369,unknown
149,0.170478,0.0654,0.034406,0.170478,54900.0,550.0,2.0276,unknown
150,0.146326,0.051422,0.027656,0.146326,54900.0,550.0,2.1939,unknown
151,0.146635,0.042172,0.024681,0.146635,54900.0,550.0,2.4759,unknown
152,0.1859,0.061688,0.035865,0.1859,54900.0,550.0,1.4389,unknown
153,0.100534,0.037519,0.018017,0.100534,54900.0,550.0,1.5847,unknown
154,0.171507,0.052455,0.03521,0.171507,54900.0,550.0,1.8131,unknown
155,0.147623,0.052282,0.027463,0.147623,54900.0,550.0,1.5062,unknown
156,0.182609,0.052161,0.033654,0.182609,54900.0,550.0,1.6297,unknown
157,0.146295,0.060078,0.027218,0.146295,54900.0,550.0,1.4081,unknown
158,0.152571,0.044564,0.027746,0.152571,54900.0,550.0,1.3406,unknown
159,0.183618,0.064707,0.032614,0.183618,54900.0,550.0,1.3561,unknown
160,0.159225,0.062834,0.03181,0.159225,54900.0,550.0,1.9669,unknown
161,0.125565,0.045453,0.023117,0.125565,54900.0,550.0,1.5346,unknown
162,0.176311,0.056097,0.032052,0.176311,54900.0,550.0,1.3346,unknown
163,0.137379,0.057272,0.027874,0.137379,54900.0,550.0,1.8063,unknown
164,0.157195,0.053445,0.031597,0.157195,54900.0,550.0,2.0954,unknown
165,0.195538,0.057029,0.034281,0.195538,54900.0,550.0,1.2165,unknown
166,0.139888,0.042372,0.025373,0.139888,54900.0,550.0,2.5081,unknown
167,0.190465,0.065626,0.037892,0.190465,54900.0,550.0,1.9153,unknown
168,0.166181,0.064026,0.032885,0.166181,54900.0,550.0,1.8175,unknown
169,0.187653,0.064267,0.039826,0.187653,54900.0,550.0,1.5839,unknown
170,0.151823,0.057535,0.03224,0.151823,54900.0,550.0,1.8627,unknown
171,0.188168,0.051285,0.03434,0.188168,54900.0,550.0,1.6938,unknown
172,0.19125,0.049558,0.033305,0.19125,54900.0,550.0,1.4117,unknown
173,0.166484,0.065649,0.028789,0.166484,54900.0,550.0,1.3926,unknown
174,0.184431,0.056377,0.035215,0.184431,54900.0,550.0,1.6735,unknown
175,0.180168,0.054795,0.03479,0.180168,54900.0,550.0,1.3713,unknown
176,0.16083,0.052866,0.030627,0.16083,54900.0,550.0,1.5427,unknown
177,0.194516,0.067035,0.038508,0.194516,54900.0,550.0,1.8189,unknown
178,0.139888,0.046022,0.028527,0.139888,54900.0,550.0,2.3493,unknown
179,0.14663,0.064643,0.028309,0.14663,54900.0,550.0,1.6017,unknown
180,0.137313,0.048783,0.027417,0.137313,54900.0,550.0,1.7598,unknown
181,0.163077,0.058397,0.03544,0.163077,54900.0,550.0,1.6588,unknown
182,0.142982,0.060531,0.026954,0.142982,54900.0,550.0,1.7434,unknown
183,0.154076,0.04683,0.02804,0.154076,54900.0,550.0,2.1568,unknown
184,0.179932,0.063937,0.035534,0.179932,54900.0,550.0,1.5371,unknown
185,0.188332,0.072265,0.034613,0.188332,54900.0,550.0,1.4015,unknown
186,0.125325,0.046577,0.02457,0.125325,54900.0,550.0,2.0105,unknown
187,0.188024,0.057682,0.038234,0.188024,54900.0,550.0,1.8865,unknown
188,0.186859,0.061954,0.036813,0.186859,54900.0,550.0,1.6369,unknown
189,0.205951,0.07749,0.039709,0.205951,54900.0,550.0,1.7104,unknown
190,0.150037,0.047135,0.029947,0.150037,54900.0,550.0,1.6493,unknown
191,0.201781,0.068167,0.03644,0.201781,54900.0,550.0,1.3611,unknown
192,0.189632,0.052443,0.035454,0.189632,54900.0,550.0,1.2273,unknown
193,0.155836,0.05723,0.031165,0.155836,54900.0,550.0,2.0648,unknown
194,0.137661,0.044982,0.026967,0.137661,54900.0,550.0,1.8996,unknown
195,0.157482,0.052749,0.030921,0.157482,54900.0,550.0,2.1258,unknown
196,0.1714,0.05501,0.033655,0.1714,54900.0,550.0,1.7385,unknown
197,0.177838,0.068048,0.03012,0.177838,54900.0,550.0,1.9328,unknown
198,0.187191,0.06212,0.032729,0.187191,54900.0,550.0,1.3571,unknown
199,0.158742,0.046253,0.028302,0.158742,54900.0,550.0,2.5069,unknown
200,0.151142,0.046755,0.026589,0.151142,54900.0,550.0,2.049,unknown
201,0.169743,0.063082,0.029429,0.169743,54900.0,550.0,2.1246,unknown
202,0.153599,0.048719,0.031609,0.153599,54900.0,550.0,1.6969,unknown
203,0.155316,0.048967,0.031595,0.155316,54900.0,550.0,1.6642,unknown
204,0.162706,0.062375,0.031463,0.162706,54900.0,550.0,1.8291,unknown
205,0.171077,0.046043,0.028258,0.171077,54900.0,550.0,1.2361,unknown
206,0.170381,0.054488,0.03073,0.170381,54900.0,550.0,1.6478,unknown
207,0.154384,0.057588,0.028964,0.154384,54900.0,550.0,1.4239,unknown
208,0.160854,0.063253,0.03208,0.160854,54900.0,550.0,1.9097,unknown
209,0.174553,0.048147,0.031818,0.174553,54900.0,550.0,1.4283,unknown
210,0.123393,0.046536,0.022712,0.123393,54900.0,550.0,1.4083,unknown
211,0.1909,0.059976,0.035382,0.1909,54900.0,550.0,1.4145,unknown
212,0.167056,0.048708,0.03215,0.167056,54900.0,550.0,2.0746,unknown
213,0.167861,0.048876,0.032217,0.167861,54900.0,550.0,1.7183,unknown
214,0.14293,0.047056,0.029678,0.14293,54900.0,550.0,2.0707,unknown
215,0.151903,0.054791,0.031187,0.151903,54900.0,550.0,2.0131,unknown
216,0.157042,0.065097,0.03022,0.157042,54900.0,550.0,1.5281,unknown
217,0.152649,0.047658,0.028192,0.152649,54900.0,550.0,1.468,unknown
218,0.166914,0.058124,0.032868,0.166914,54900.0,550.0,1.7988,unknown
219,0.149084,0.057398,0.029639,0.149084,54900.0,550.0,1.6885,unknown
220,0.139672,0.062698,0.022641,0.139672,54900.0,550.0,1.6856,unknown
221,0.140743,0.057584,0.025993,0.140743,54900.0,550.0,1.722,unknown
222,0.147854,0.068949,0.027852,0.147854,54900.0,550.0,1.6075,unknown
223,0.134964,0.049805,0.025719,0.134964,54900.0,550.0,1.5106,unknown
224,0.154263,0.056377,0.029034,0.154263,54900.0,550.0,1.5789,unknown
225,0.147114,0.062901,0.02383,0.147114,54900.0,550.0,1.7089,unknown
226,0.174722,0.057914,0.031523,0.174722,54900.0,550.0,1.5188,unknown
227,0.168697,0.055108,0.035324,0.168697,54900.0,550.0,2.0156,unknown
228,0.148324,0.059258,0.027726,0.148324,54900.0,550.0,1.6718,unknown
229,0.166948,0.052627,0.031927,0.166948,54900.0,550.0,2.193,unknown
230,0.16104,0.056609,0.031689,0.16104,54900.0,550.0,2.2278,unknown
231,0.207805,0.069641,0.037977,0.207805,54900.0,550.0,1.5068,unknown
232,0.188181,0.064525,0.03715,0.188181,54900.0,550.0,1.2142,unknown
233,0.188238,0.048503,0.032943,0.188238,54900.0,550.0,1.4365,unknown
234,0.126249,0.041924,0.02056,0.126249,54900.0,550.0,1.5585,unknown
235,0.169773,0.072588,0.031459,0.169773,54900.0,550.0,1.8369,unknown
236,0.161811,0.047018,0.029807,0.161811,54900.0,550.0,2.0533,unknown
237,0.16863,0.070366,0.028984,0.16863,54900.0,550.0,1.3713,unknown
238,0.119454,0.0389,0.022504,0.119454,54900.0,550.0,2.1348,unknown
239,0.167832,0.057212,0.032873,0.167832,54900.0,550.0,1.5425,unknown
240,0.182688,0.052765,0.032628,0.182688,54900.0,550.0,1.5486,unknown
241,0.176206,0.05034,0.033939,0.176206,54900.0,550.0,1.4746,unknown
242,0.180531,0.05426,0.036559,0.180531,54900.0,550.0,1.6785,unknown
243,0.1818,0.065042,0.035849,0.1818,54900.0,550.0,1.8152,unknown
244,0.12008,0.043128,0.024257,0.12008,54900.0,550.0,1.9116,unknown
245,0.161042,0.055533,0.029796,0.161042,54900.0,550.0,1.4469,unknown
246,0.160473,0.05122,0.031641,0.160473,54900.0,550.0,1.9095,unknown
247,0.184074,0.062782,0.03871,0.184074,54900.0,550.0,1.9081,unknown
248,0.147019,0.050535,0.027812,0.147019,54900.0,550.0,1.7821,unknown
249,0.13529,0.058516,0.026604,0.13529,54900.0,550.0,1.3954,unknown
250,0.162405,0.055441,0.031226,0.162405,54900.0,550.0,1.9975,unknown
251,0.140551,0.04823,0.026658,0.140551,54900.0,550.0,1.4554,unknown
252,0.156966,0.052254,0.032264,0.156966,54900.0,550.0,2.1604,unknown
253,0.179882,0.051015,0.032847,0.179882,54900.0,550.0,1.7411,unknown
254,0.167576,0.050864,0.030481,0.167576,54900.0,550.0,1.7443,unknown
255,0.196925,0.056159,0.039348,0.196925,54900.0,550.0,1.8259,unknown
256,0.165297,0.062012,0.032146,0.165297,54900.0,550.0,1.6736,unknown
257,0.137539,0.044536,0.025067,0.137539,54900.0,550.0,1.9318,unknown
258,0.186633,0.065279,0.035668,0.186633,54900.0,550.0,1.6336,unknown
259,0.148642,0.060689,0.029095,0.148642,54900.0,550.0,1.96,unknown
260,0.188027,0.070135,0.033903,0.188027,54900.0,550.0,1.1714,unknown
261,0.186568,0.055614,0.03525,0.186568,54900.0,550.0,1.7216,unknown
262,0.138869,0.051391,0.02427,0.138869,54900.0,550.0,2.0123,unknown
263,0.163369,0.045621,0.031655,0.163369,54900.0,550.0,1.6676,unknown
264,0.161906,0.05653,0.028744,0.161906,54900.0,550.0,1.6824,unknown
265,0.177483,0.056379,0.037594,0.177483,54900.0,550.0,2.0966,unknown
266,0.205644,0.078777,0.042283,0.205644,54900.0,550.0,1.8631,unknown
267,0.135078,0.04511,0.028579,0.135078,54900.0,550.0,1.999,unknown
268,0.173555,0.0623,0.03274,0.173555,54900.0,550.0,1.9537,unknown
269,0.148641,0.062607,0.028456,0.148641,54900.0,550.0,1.7794,unknown
270,0.197234,0.062249,0.034746,0.197234,54900.0,550.0,1.5079,unknown
271,0.160725,0.066997,0.030413,0.160725,54900.0,550.0,1.7133,unknown
272,0.136168,0.045889,0.024921,0.136168,54900.0,550.0,1.6931,unknown
273,0.158185,0.049784,0.032208,0.158185,54900.0,550.0,1.7842,unknown
274,0.174908,0.066034,0.036968,0.174908,54900.0,550.0,1.921,unknown
275,0.162421,0.047623,0.027814,0.162421,54900.0,550.0,2.2304,unknown
276,0.144911,0.058597,0.028985,0.144911,54900.0,550.0,1.8236,unknown
277,0.189852,0.070588,0.037582,0.189852,54900.0,550.0,1.4216,unknown
278,0.148498,0.053209,0.029042,0.148498,54900.0,550.0,2.0106,unknown
279,0.198521,0.065232,0.039063,0.198521,54900.0,550.0,1.4128,unknown
280,0.165218,0.062463,0.033077,0.165218,54900.0,550.0,1.8312,unknown
281,0.172113,0.050277,0.032727,0.172113,54900.0,550.0,1.3063,unknown
282,0.170705,0.057709,0.031805,0.170705,54900.0,550.0,1.3565,unknown
283,0.156381,0.069235,0.027647,0.156381,54900.0,550.0,1.6001,unknown
284,0.202831,0.077718,0.040786,0.202831,54900.0,550.0,1.5549,unknown
285,0.180728,0.066976,0.038923,0.180728,54900.0,550.0,1.8317,unknown
286,0.131049,0.050503,0.024925,0.131049,54900.0,550.0,1.875,unknown
287,0.207473,0.069886,0.037223,0.207473,54900.0,550.0,1.313,unknown
288,0.154476,0.061564,0.030313,0.154476,54900.0,550.0,1.4262,unknown
289,0.203316,0.074059,0.037303,0.203316,54900.0,550.0,1.2807,unknown
290,0.135435,0.048936,0.026873,0.135435,54900.0,550.0,2.0088,unknown
291,0.144805,0.046731,0.026638,0.144805,54900.0,550.0,2.1419,unknown
292,0.157773,0.054634,0.030415,0.157773,54900.0,550.0,1.368,unknown
293,0.165308,0.066088,0.034096,0.165308,54900.0,550.0,1.5823,unknown
294,0.192337,0.073152,0.035601,0.192337,54900.0,550.0,1.7371,unknown
295,0.174221,0.051057,0.033682,0.174221,54900.0,550.0,1.6884,unknown
296,0.142311,0.046694,0.03039,0.142311,54900.0,550.0,2.3066,unknown
297,0.17459,0.059726,0.033563,0.17459,54900.0,550.0,1.6873,unknown
298,0.174945,0.064815,0.033902,0.174945,54900.0,550.0,1.1799,unknown
299,0.170313,0.07056,0.036164,0.170313,54900.0,550.0,1.8282,unknown
300,0.118436,0.041982,0.023776,0.118436,54900.0,550.0,2.1837,unknown
301,0.100092,0.035887,0.017632,0.100092,54900.0,550.0,1.7434,unknown
302,0.160841,0.06325,0.032924,0.160841,54900.0,550.0,1.9843,unknown
303,0.173856,0.066081,0.036805,0.173856,54900.0,550.0,1.6488,unknown
304,0.186208,0.063853,0.037259,0.186208,54900.0,550.0,1.9926,unknown
305,0.153379,0.066368,0.028808,0.153379,54900.0,550.0,1.3015,unknown
306,0.19813,0.065603,0.038821,0.19813,54900.0,550.0,1.3852,unknown
307,0.180018,0.059404,0.03151,0.180018,54900.0,550.0,1.8802,unknown
308,0.169791,0.069486,0.028611,0.169791,54900.0,550.0,1.4857,unknown
309,0.156174,0.062506,0.030453,0.156174,54900.0,550.0,1.9512,unknown
310,0.152057,0.046422,0.029946,0.152057,54900.0,550.0,1.9007,unknown
311,0.165154,0.048444,0.031447,0.165154,54900.0,550.0,1.3144,unknown
312,0.142394,0.047334,0.027774,0.142394,54900.0,550.0,1.8146,unknown
313,0.154184,0.05229,0.030308,0.154184,54900.0,550.0,1.6199,unknown
314,0.170327,0.058903,0.036432,0.170327,54900.0,550.0,1.9076,unknown
315,0.132659,0.04255,0.024458,0.132659,54900.0,550.0,1.5169,unknown
316,0.175226,0.052714,0.034216,0.175226,54900.0,550.0,2.0485,unknown
317,0.169087,0.053468,0.031601,0.169087,54900.0,550.0,1.5215,unknown
318,0.158016,0.043879,0.029942,0.158016,54900.0,550.0,1.7815,unknown
319,0.19328,0.075194,0.039895,0.19328,54900.0,550.0,1.7528,unknown
320,0.173245,0.061444,0.03634,0.173245,54900.0,550.0,1.7917,unknown
321,0.175723,0.07066,0.035712,0.175723,54900.0,550.0,1.4008,unknown
322,0.136062,0.046782,0.028955,0.136062,54900.0,550.0,2.278,unknown
323,0.1716,0.066742,0.037417,0.1716,54900.0,550.0,1.7924,unknown
324,0.146382,0.050459,0.029021,0.146382,54900.0,550.0,1.5487,unknown
325,0.18172,0.06574,0.038324,0.18172,54900.0,550.0,1.6537,unknown
326,0.112042,0.039279,0.020934,0.112042,54900.0,550.0,1.7409,unknown
327,0.150873,0.051593,0.031233,0.150873,54900.0,550.0,1.7057,unknown
328,0.123578,0.038027,0.020043,0.123578,54900.0,550.0,1.7963,unknown
329,0.128282,0.038773,0.022777,0.128282,54900.0,550.0,2.5857,unknown
330,0.157304,0.048904,0.031563,0.157304,54900.0,550.0,1.7097,unknown
331,0.119112,0.043134,0.022733,0.119112,54900.0,550.0,1.639,unknown
332,0.160077,0.057244,0.026485,0.160077,54900.0,550.0,2.0898,unknown
333,0.136034,0.05235,0.028836,0.136034,54900.0,550.0,1.7857,unknown
334,0.194101,0.058746,0.036819,0.194101,54900.0,550.0,1.4162,unknown
335,0.172322,0.064541,0.03396,0.172322,54900.0,550.0,1.4176,unknown
336,0.151431,0.066015,0.031657,0.151431,54900.0,550.0,1.4688,unknown
337,0.155452,0.063637,0.030111,0.155452,54900.0,550.0,1.5814,unknown
338,0.171562,0.068434,0.034177,0.171562,54900.0,550.0,1.6625,unknown
339,0.147685,0.046953,0.028499,0.147685,54900.0,550.0,2.1824,unknown
340,0.141296,0.052621,0.026286,0.141296,54900.0,550.0,1.5135,unknown
341,0.190756,0.064939,0.037155,0.190756,54900.0,550.0,1.4532,unknown
342,0.13709,0.045932,0.027388,0.13709,54900.0,550.0,2.0434,unknown
343,0.185581,0.068192,0.035769,0.185581,54900.0,550.0,1.4774,unknown
344,0.160583,0.054272,0.030491,0.160583,54900.0,550.0,1.5745,unknown
345,0.188009,0.075835,0.034915,0.188009,54900.0,550.0,1.4753,unknown
346,0.149788,0.049452,0.027976,0.149788,54900.0,550.0,1.4884,unknown
347,0.144934,0.065208,0.026934,0.144934,54900.0,550.0,1.3908,unknown
348,0.150989,0.05753,0.028642,0.150989,54900.0,550.0,2.0658,unknown
349,0.139618,0.046367,0.029898,0.139618,54900.0,550.0,1.9316,unknown
350,0.17906,0.047856,0.032181,0.17906,54900.0,550.0,1.3665,unknown
351,0.154412,0.058024,0.030441,0.154412,54900.0,550.0,1.5496,unknown
352,0.151761,0.047191,0.029708,0.151761,54900.0,550.0,2.3511,unknown
353,0.192034,0.071901,0.034886,0.192034,54900.0,550.0,1.5093,unknown
354,0.127347,0.039061,0.023083,0.127347,54900.0,550.0,2.6577,unknown
355,0.164157,0.068328,0.034754,0.164157,54900.0,550.0,1.5259,unknown
356,0.132329,0.060251,0.023335,0.132329,54900.0,550.0,1.4601,unknown
357,0.178238,0.053426,0.034663,0.178238,54900.0,550.0,1.884,unknown
358,0.161818,0.066587,0.029029,0.161818,54900.0,550.0,1.6642,unknown
359,0.177489,0.069884,0.034423,0.177489,54900.0,550.0,1.5848,unknown
360,0.198726,0.055058,0.034805,0.198726,54900.0,550.0,1.5256,unknown
361,0.174081,0.072432,0.034762,0.174081,54900.0,550.0,1.6201,unknown
362,0.13218,0.05104,0.025972,0.13218,54900.0,550.0,1.9597,unknown
363,0.188677,0.056211,0.035366,0.188677,54900.0,550.0,1.823,unknown
364,0.147378,0.048447,0.029344,0.147378,54900.0,550.0,2.2883,unknown
365,0.194765,0.056486,0.036103,0.194765,54900.0,550.0,1.4697,unknown
366,0.154877,0.063878,0.030253,0.154877,54900.0,550.0,1.5646,unknown
367,0.142348,0.047675,0.028145,0.142348,54900.0,550.0,1.6919,unknown
368,0.127031,0.038473,0.021631,0.127031,54900.0,550.0,2.4509,unknown
369,0.181884,0.071215,0.034857,0.181884,54900.0,550.0,1.4478,unknown
370,0.152427,0.06096,0.029703,0.152427,54900.0,550.0,1.5843,unknown
371,0.15299,0.055902,0.02987,0.15299,54900.0,550.0,1.6813,unknown
372,0.159421,0.042679,0.025552,0.159421,54900.0,550.0,2.5093,unknown
373,0.144427,0.065386,0.022662,0.144427,54900.0,550.0,1.5082,unknown
374,0.139472,0.052374,0.026963,0.139472,54900.0,550.0,1.3385,unknown
375,0.17551,0.064091,0.031353,0.17551,54900.0,550.0,1.9979,unknown
376,0.160266,0.056102,0.031825,0.160266,54900.0,550.0,1.5619,unknown
377,0.153673,0.051394,0.03053,0.153673,54900.0,550.0,1.7493,unknown
378,0.175244,0.0483,0.03517,0.175244,54900.0,550.0,1.5827,unknown
379,0.197563,0.07299,0.040073,0.197563,54900.0,550.0,1.315,unknown
380,0.130231,0.043999,0.024315,0.130231,54900.0,550.0,1.4256,unknown
381,0.191351,0.058281,0.037994,0.191351,54900.0,550.0,1.8958,unknown
382,0.168795,0.061473,0.032612,0.168795,54900.0,550.0,1.4807,unknown
383,0.173339,0.067053,0.032521,0.173339,54900.0,550.0,1.4786,unknown
384,0.131528,0.051554,0.027042,0.131528,54900.0,550.0,1.6315,unknown
385,0.157505,0.045536,0.026358,0.157505,54900.0,550.0,2.255,unknown
386,0.19199,0.064315,0.036883,0.19199,54900.0,550.0,1.7762,unknown
387,0.14326,0.04804,0.026154,0.14326,54900.0,550.0,1.5009,unknown
388,0.165408,0.065391,0.032157,0.165408,54900.0,550.0,1.6558,unknown
389,0.159022,0.0592,0.030668,0.159022,54900.0,550.0,1.7437,unknown
390,0.123272,0.046516,0.025586,0.123272,54900.0,550.0,2.0604,unknown
391,0.135301,0.045119,0.026394,0.135301,54900.0,550.0,1.671,unknown
392,0.139306,0.045204,0.025403,0.139306,54900.0,550.0,2.1353,unknown
393,0.196499,0.067554,0.035312,0.196499,54900.0,550.0,1.5135,unknown
394,0.188459,0.059559,0.033678,0.188459,54900.0,550.0,1.4404,unknown
395,0.167307,0.065944,0.034312,0.167307,54900.0,550.0,1.7592,unknown
396,0.190103,0.07263,0.040705,0.190103,54900.0,550.0,1.773,unknown
397,0.142285,0.047826,0.027371,0.142285,54900.0,550.0,2.2594,unknown
398,0.165154,0.064413,0.032491,0.165154,54900.0,550.0,1.6043,unknown
399,0.16927,0.064721,0.031487,0.16927,54900.0,550.0,1.4498,unknown
400,0.172266,0.05054,0.0346,0.172266,54900.0,550.0,1.9592,unknown
401,0.175952,0.052792,0.033765,0.175952,54900.0,550.0,1.5545,unknown
402,0.172511,0.070059,0.029162,0.172511,54900.0,550.0,1.8072,unknown
403,0.190636,0.060751,0.032546,0.190636,54900.0,550.0,1.7189,unknown
404,0.124019,0.043601,0.022543,0.124019,54900.0,550.0,1.664,unknown
405,0.156828,0.057689,0.029818,0.156828,54900.0,550.0,1.8704,unknown
406,0.169864,0.06757,0.034252,0.169864,54900.0,550.0,1.7496,unknown
407,0.120335,0.038347,0.023231,0.120335,54900.0,550.0,1.7874,unknown
408,0.145341,0.04821,0.028307,0.145341,54900.0,550.0,2.3015,unknown
409,0.182459,0.063808,0.030816,0.182459,54900.0,550.0,2.0774,unknown
410,0.217158,0.078277,0.04201,0.217158,54900.0,550.0,1.7465,unknown
411,0.148844,0.055208,0.029716,0.148844,54900.0,550.0,1.3385,unknown
412,0.165996,0.060034,0.030465,0.165996,54900.0,550.0,1.5439,unknown
413,0.161229,0.049952,0.031586,0.161229,54900.0,550.0,1.5313,unknown
414,0.146413,0.057929,0.025528,0.146413,54900.0,550.0,1.6245,unknown
415,0.204258,0.061995,0.038992,0.204258,54900.0,550.0,1.9019,unknown
416,0.20292,0.066676,0.035039,0.20292,54900.0,550.0,1.3114,unknown
417,0.166085,0.04532,0.031945,0.166085,54900.0,550.0,1.5976,unknown
418,0.133901,0.057847,0.023645,0.133901,54900.0,550.0,1.7546,unknown
419,0.151427,0.057484,0.03025,0.151427,54900.0,550.0,2.0341,unknown
420,0.178443,0.05252,0.032285,0.178443,54900.0,550.0,1.3541,unknown
421,0.121793,0.050796,0.02288,0.121793,54900.0,550.0,1.7586,unknown
422,0.20082,0.077791,0.04154,0.20082,54900.0,550.0,1.8794,unknown
423,0.125708,0.051,0.024135,0.125708,54900.0,550.0,1.4593,unknown
424,0.151033,0.064432,0.027023,0.151033,54900.0,550.0,1.4042,unknown
425,0.191831,0.073231,0.035795,0.191831,54900.0,550.0,1.518,unknown
426,0.172506,0.053762,0.034376,0.172506,54900.0,550.0,1.6637,unknown
427,0.140785,0.059028,0.025948,0.140785,54900.0,550.0,1.8218,unknown
428,0.191988,0.074272,0.036737,0.191988,54900.0,550.0,1.5104,unknown
429,0.151897,0.063901,0.03236,0.151897,54900.0,550.0,1.5895,unknown
430,0.149005,0.048038,0.028639,0.149005,54900.0,550.0,1.7554,unknown
431,0.155738,0.046326,0.029008,0.155738,54900.0,550.0,1.7504,unknown
432,0.159885,0.055842,0.032587,0.159885,54900.0,550.0,1.5901,unknown
433,0.137981,0.066635,0.023512,0.137981,54900.0,550.0,1.4438,unknown
434,0.166273,0.050143,0.03348,0.166273,54900.0,550.0,1.7841,unknown
435,0.129197,0.060539,0.022227,0.129197,54900.0,550.0,1.5599,unknown
436,0.140815,0.048678,0.028304,0.140815,54900.0,550.0,1.8815,unknown
437,0.156346,0.057375,0.030623,0.156346,54900.0,550.0,2.0854,unknown
438,0.17522,0.054208,0.034084,0.17522,54900.0,550.0,1.4191,unknown
439,0.195087,0.062349,0.040425,0.195087,54900.0,550.0,1.6019,unknown
440,0.210982,0.071361,0.035124,0.210982,54900.0,550.0,1.1587,unknown
441,0.170723,0.057502,0.032399,0.170723,54900.0,550.0,1.538,unknown
442,0.165934,0.059748,0.030839,0.165934,54900.0,550.0,1.7977,unknown
443,0.178573,0.066441,0.036499,0.178573,54900.0,550.0,1.6605,unknown
444,0.135613,0.060248,0.026787,0.135613,54900.0,550.0,1.813,unknown
445,0.140315,0.048895,0.0253,0.140315,54900.0,550.0,1.7736,unknown
446,0.197905,0.065044,0.03595,0.197905,54900.0,550.0,1.3139,unknown
447,0.187771,0.076038,0.038636,0.187771,54900.0,550.0,1.6261,unknown
448,0.182283,0.055629,0.034472,0.182283,54900.0,550.0,1.7363,unknown
449,0.153816,0.055463,0.028181,0.153816,54900.0,550.0,2.2217,unknown
450,0.141815,0.045277,0.028114,0.141815,54900.0,550.0,1.5572,unknown
451,0.15794,0.051172,0.030685,0.15794,54900.0,550.0,1.472,unknown
452,0.159517,0.059852,0.029835,0.159517,54900.0,550.0,1.9926,unknown
453,0.172435,0.061242,0.034522,0.172435,54900.0,550.0,1.6696,unknown
454,0.17265,0.052121,0.034068,0.17265,54900.0,550.0,1.6823,unknown
455,0.188922,0.052092,0.034119,0.188922,54900.0,550.0,1.72,unknown
456,0.156077,0.068578,0.027246,0.156077,54900.0,550.0,1.8784,unknown
457,0.172209,0.050145,0.03464,0.172209,54900.0,550.0,1.7599,unknown
458,0.130392,0.043651,0.02328,0.130392,54900.0,550.0,1.4637,unknown
459,0.188428,0.06971,0.038221,0.188428,54900.0,550.0,1.6903,unknown
460,0.166599,0.069179,0.02874,0.166599,54900.0,550.0,1.5509,unknown
461,0.15793,0.046434,0.032592,0.15793,54900.0,550.0,1.8788,unknown
462,0.173877,0.065304,0.029623,0.173877,54900.0,550.0,1.481,unknown
463,0.185867,0.052877,0.034506,0.185867,54900.0,550.0,1.2984,unknown
464,0.154098,0.061507,0.027511,0.154098,54900.0,550.0,1.6091,unknown
465,0.198768,0.075207,0.038706,0.198768,54900.0,550.0,1.2757,unknown
466,0.151572,0.045935,0.032446,0.151572,54900.0,550.0,2.1524,unknown
467,0.161584,0.069161,0.025905,0.161584,54900.0,550.0,1.7222,unknown
468,0.185699,0.073459,0.0364,0.185699,54900.0,550.0,1.7453,unknown
469,0.1671,0.057559,0.031949,0.1671,54900.0,550.0,1.851,unknown
470,0.180836,0.053593,0.032065,0.180836,54900.0,550.0,1.4121,unknown
471,0.115642,0.050383,0.023412,0.115642,54900.0,550.0,1.6281,unknown
472,0.153304,0.062771,0.03041,0.153304,54900.0,550.0,1.3701,unknown
473,0.149173,0.047761,0.02811,0.149173,54900.0,550.0,2.4211,unknown
474,0.210457,0.070576,0.041068,0.210457,54900.0,550.0,1.379,unknown
475,0.180261,0.071758,0.033016,0.180261,54900.0,550.0,1.7704,unknown
476,0.138948,0.042095,0.025058,0.138948,54900.0,550.0,1.5276,unknown
477,0.156233,0.061378,0.033705,0.156233,54900.0,550.0,1.9646,unknown
478,0.171236,0.062819,0.032628,0.171236,54900.0,550.0,1.5714,unknown
479,0.188166,0.074357,0.037361,0.188166,54900.0,550.0,1.6675,unknown
480,0.20422,0.069667,0.038914,0.20422,54900.0,550.0,1.4595,unknown
481,0.177196,0.063162,0.036756,0.177196,54900.0,550.0,1.5825,unknown
482,0.182131,0.064716,0.037076,0.182131,54900.0,550.0,1.2915,unknown
483,0.171803,0.067077,0.031987,0.171803,54900.0,550.0,1.3505,unknown
484,0.160336,0.067652,0.027206,0.160336,54900.0,550.0,1.4656,unknown
485,0.158416,0.050373,0.031661,0.158416,54900.0,550.0,2.2039,unknown
486,0.170215,0.071159,0.03357,0.170215,54900.0,550.0,1.6302,unknown
487,0.187735,0.071907,0.035231,0.187735,54900.0,550.0,1.2735,unknown
488,0.132796,0.048078,0.025355,0.132796,54900.0,550.0,1.9952,unknown
489,0.171938,0.068174,0.029725,0.171938,54900.0,550.0,1.4053,unknown
490,0.167496,0.059876,0.031677,0.167496,54900.0,550.0,1.5482,unknown
491,0.193812,0.065214,0.039686,0.193812,54900.0,550.0,1.8573,unknown
492,0.186321,0.070999,0.034948,0.186321,54900.0,550.0,1.6607,unknown
493,0.199652,0.06296,0.038272,0.199652,54900.0,550.0,2.0222,unknown
494,0.143853,0.059392,0.028849,0.143853,54900.0,550.0,1.6947,unknown
495,0.168424,0.057636,0.031642,0.168424,54900.0,550.0,1.9959,unknown
496,0.184037,0.058146,0.035585,0.184037,54900.0,550.0,1.2452,unknown
497,0.182169,0.056444,0.034655,0.182169,54900.0,550.0,1.5872,unknown
498,0.170969,0.054576,0.032453,0.170969,54900.0,550.0,1.2677,unknown
499,0.156847,0.040426,0.027469,0.156847,54900.0,550.0,1.3769,unknown
500,0.136659,0.054531,0.026811,0.136659,54900.0,550.0,1.725,unknown
